file,key,english_text
t_buddies.php,error.cannot_send_to_self,"Cannot send buddy request to yourself."
t_buddies.php,error.user_not_found,"User not found."
t_buddies.php,error.cannot_send_to_admin,"Cannot send buddy requests to administrators."
t_buddies.php,error.cannot_send_to_user,"Cannot send buddy request to this user."
t_buddies.php,error.already_buddies,"You are already buddies with this user."
t_buddies.php,error.request_exists,"A buddy request already exists between these users."
t_buddies.php,error.request_not_found,"Buddy request not found."
t_buddies.php,error.not_authorized_accept,"You are not authorized to accept this request."
t_buddies.php,error.not_authorized_reject,"You are not authorized to reject this request."
t_buddies.php,error.not_authorized_cancel,"You are not authorized to cancel this request."
t_buddies.php,error.already_processed,"This request has already been processed."
t_buddies.php,error.relationship_not_found,"Buddy relationship not found."
t_buddies.php,error.cannot_ignore_self,"Cannot ignore yourself."
t_buddies.php,error.already_ignored,"Player is already ignored."
t_buddies.php,error.not_in_ignore_list,"Player is not in your ignored list."
t_buddies.php,error.send_request_failed,"Failed to send buddy request."
t_buddies.php,error.ignore_player_failed,"Failed to ignore player."
t_buddies.php,error.delete_buddy_failed,"Failed to delete buddy"
t_buddies.php,error.search_too_short,"Too few characters! Please put in at least 2 characters."
t_buddies.php,error.invalid_action,"Invalid action"
t_buddies.php,success.request_sent,"Buddy request sent successfully!"
t_buddies.php,success.request_cancelled,"Buddy request cancelled successfully."
t_buddies.php,success.request_accepted,"Buddy request accepted!"
t_buddies.php,success.request_rejected,"Buddy request rejected"
t_buddies.php,success.request_accepted_symbol,"✓ Buddy request accepted"
t_buddies.php,success.request_rejected_symbol,"✗ Buddy request rejected"
t_buddies.php,success.buddy_deleted,"Buddy deleted successfully!"
t_buddies.php,success.player_ignored,"Player ignored successfully!"
t_buddies.php,success.player_unignored,"Player unignored successfully."
t_buddies.php,ui.my_buddies,"My buddies"
t_buddies.php,ui.ignored_players,"Ignored Players"
t_buddies.php,ui.buddy_request,"buddy request"
t_buddies.php,ui.buddy_request_title,"Buddy request"
t_buddies.php,ui.buddy_request_to,"Buddy request to"
t_buddies.php,ui.buddy_requests,"Buddy requests"
t_buddies.php,ui.new_buddy_request,"New buddy request"
t_buddies.php,ui.write_message,"Write message"
t_buddies.php,ui.send_message,"Send message"
t_buddies.php,ui.send,send
t_buddies.php,ui.search_placeholder,Search...
t_buddies.php,ui.no_buddies_found,"No buddies found"
t_buddies.php,ui.no_buddy_requests,"You currently have no buddy requests."
t_buddies.php,ui.no_requests_sent,"You have not sent any buddy requests."
t_buddies.php,ui.no_ignored_players,"No ignored players"
t_buddies.php,ui.requests_received,"requests received"
t_buddies.php,ui.requests_sent,"requests sent"
t_buddies.php,ui.new,new
t_buddies.php,ui.new_label,New
t_buddies.php,ui.from,From:
t_buddies.php,ui.to,To:
t_buddies.php,ui.online,online
t_buddies.php,ui.status_on,On
t_buddies.php,ui.status_off,Off
t_buddies.php,ui.received_request_from,"You have received a new buddy request from"
t_buddies.php,ui.buddy_request_to_player,"Buddy request to player"
t_buddies.php,ui.ignore_player_title,"Ignore player"
t_buddies.php,action.accept_request,"Accept buddy request"
t_buddies.php,action.reject_request,"Reject buddy request"
t_buddies.php,action.withdraw_request,"Withdraw buddy request"
t_buddies.php,action.delete_buddy,"Delete buddy"
t_buddies.php,action.confirm_delete_buddy,"Do you really want to delete your buddy"
t_buddies.php,action.add_as_buddy,"Add as buddy"
t_buddies.php,action.ignore_player,"Are you sure you want to ignore"
t_buddies.php,action.remove_from_ignore,"Remove from ignore list"
t_buddies.php,action.report_message,"Report this message to a game operator?"
t_buddies.php,table.id,ID
t_buddies.php,table.points,Points
t_buddies.php,table.rank,Rank
t_buddies.php,table.coords,Coords
t_buddies.php,common.yes,yes
t_buddies.php,common.no,No
t_buddies.php,common.caution,Caution
t_external.php,browser_warning.title,"Your browser is not up to date."
t_external.php,browser_warning.desc1,"Your Internet Explorer version does not correspond to the existing standards and is not supported by this website anymore."
t_external.php,browser_warning.desc2,"To use this website please update your web browser to a current version or use another web browser. If you are already using the latest version, please reload the page to display it properly."
t_external.php,browser_warning.desc3,"Here's a list of the most popular browsers. Click on one of the symbols to get to the download page:"
t_external.php,login.page_title,"OGame - Conquer the universe"
t_external.php,login.btn,Login
t_external.php,login.email_label,"Email address:"
t_external.php,login.password_label,Password:
t_external.php,login.universe_label,Universe:
t_external.php,login.universe_option_1,"1. Universe"
t_external.php,login.submit,"Log in"
t_external.php,login.forgot_password,"Forgot your password?"
t_external.php,login.forgot_email,"Forgot your email address?"
t_external.php,login.terms_accept_html,"With the login I accept the <a class="""" href=""#"" target=""_blank"" title=""T&amp;Cs"">T&amp;Cs</a>"
t_external.php,register.play_free,"PLAY FOR FREE!"
t_external.php,register.email_label,"Email address:"
t_external.php,register.password_label,Password:
t_external.php,register.universe_label,Universe:
t_external.php,register.distinctions,Distinctions
t_external.php,register.terms_html,"Our <a class="""" target=""_blank"" href=""#"" title=""T&amp;Cs""> T&amp;Cs </a> and <a class="""" target=""_blank"" href=""#"" title=""Privacy Policy""> Privacy Policy </a> apply in the game"
t_external.php,register.submit,Register
t_external.php,nav.home,Home
t_external.php,nav.about,"About OGame"
t_external.php,nav.media,Media
t_external.php,nav.wiki,Wiki
t_external.php,home.title,"OGame - Conquer the universe"
t_external.php,home.description_html,"<em>OGame</em> is a strategy game set in space, with thousands of players from across the world competing at the same time. You only need a regular web browser to play."
t_external.php,home.board_btn,Board
t_external.php,home.trailer_title,Trailer
t_external.php,footer.privacy_policy,"Privacy Policy"
t_external.php,footer.terms,T&Cs
t_external.php,footer.contact,Contact
t_external.php,footer.copyright,"© OGameX. All rights reserved."
t_external.php,js.login,Login
t_external.php,js.close,Close
t_external.php,js.age_check_failed,"We are sorry, but you are not eligible to register. Please see our T&C for more information."
t_external.php,validation.required,"This field is required"
t_external.php,validation.make_decision,"Make a decision"
t_external.php,validation.accept_terms,"You must accept the T&Cs."
t_external.php,validation.length,"Between 3 and 20 characters allowed."
t_external.php,validation.pw_length,"Between 4 and 20 characters allowed."
t_external.php,validation.email,"You need to enter a valid email address!"
t_external.php,validation.invalid_chars,"Contains invalid characters."
t_external.php,validation.no_begin_end_underscore,"Your name may not start or end with an underscore."
t_external.php,validation.no_begin_end_whitespace,"Your name may not start or end with a space."
t_external.php,validation.max_three_underscores,"Your name may not contain more than 3 underscores in total."
t_external.php,validation.max_three_whitespaces,"Your name may not include more than 3 spaces in total."
t_external.php,validation.no_consecutive_underscores,"You may not use two or more underscores one after the other."
t_external.php,validation.no_consecutive_whitespaces,"You may not use two or more spaces one after the other."
t_external.php,validation.username_available,"This username is available."
t_external.php,validation.username_loading,"Please wait, loading..."
t_external.php,validation.username_taken,"This username is not available anymore."
t_external.php,validation.only_letters,"Use characters only."
t_external.php,universe_characteristics.fleet_speed,"Fleet Speed: the higher the value, the less time you have left to react to an attack."
t_external.php,universe_characteristics.economy_speed,"Economy Speed: the higher the value, the faster constructions and research will be completed and resources gathered."
t_external.php,universe_characteristics.debris_ships,"Some of the ships destroyed in battle will enter the debris field."
t_external.php,universe_characteristics.debris_defence,"Some of the defensive structures destroyed in battle will enter the debris field."
t_external.php,universe_characteristics.dark_matter_gift,"You will receive Dark Matter as a reward for confirming your email address."
t_external.php,universe_characteristics.aks_on,"Alliance battle system activated"
t_external.php,universe_characteristics.planet_fields,"The maximum amount of building slots has been increased."
t_external.php,universe_characteristics.wreckfield,"Space Dock activated: some destroyed ships can be restored using the Space Dock."
t_external.php,universe_characteristics.universe_big,"Amount of Galaxies in the Universe"
t_facilities.php,space_dock.description,"Wreckages can be repaired in the Space Dock."
t_facilities.php,space_dock.description_long,"The Space Dock offers the possibility to repair ships destroyed in battle which left behind wreckage. The repair time takes a maximum of 12 hours, but it takes at least 30 minutes until the ships can be put back into service.

Since the Space Dock floats in orbit, it does not require a planet field."
t_facilities.php,space_dock.requirements,"Requires Shipyard level 2"
t_facilities.php,space_dock.field_consumption,"Does not consume planet fields (floats in orbit)"
t_facilities.php,space_dock.wreck_field_section,"Wreck Field"
t_facilities.php,space_dock.no_wreck_field,"No wreck field available at this location."
t_facilities.php,space_dock.wreck_field_info,"A wreck field is available containing ships that can be repaired."
t_facilities.php,space_dock.ships_available,"Ships available for repair: {count}"
t_facilities.php,space_dock.repair_capacity,"Repair capacity based on Space Dock level {level}"
t_facilities.php,space_dock.start_repair,"Start repairing wreck field"
t_facilities.php,space_dock.repair_in_progress,"Repairs in progress"
t_facilities.php,space_dock.repair_completed,"Repairs completed"
t_facilities.php,space_dock.deploy_ships,"Deploy repaired ships"
t_facilities.php,space_dock.burn_wreck_field,"Burn wreck field"
t_facilities.php,space_dock.repair_time,"Estimated repair time: {time}"
t_facilities.php,space_dock.repair_progress,"Repair progress: {progress}%"
t_facilities.php,space_dock.completion_time,"Completion: {time}"
t_facilities.php,space_dock.auto_deploy_warning,"Ships will be automatically deployed {hours} hours after repair completion if not manually deployed."
t_facilities.php,space_dock.level_effects.repair_speed,"Repair speed increased by {bonus}%"
t_facilities.php,space_dock.level_effects.capacity_increase,"Maximum repairable ships increased"
t_facilities.php,space_dock.status.no_dock,"Space Dock required to repair wreck fields"
t_facilities.php,space_dock.status.level_too_low,"Space Dock level 1 required to repair wreck fields"
t_facilities.php,space_dock.status.no_wreck_field,"No wreck field available"
t_facilities.php,space_dock.status.repairing,"Currently repairing wreck field"
t_facilities.php,space_dock.status.ready_to_deploy,"Repairs completed, ships ready for deployment"
t_facilities.php,actions.build,Build
t_facilities.php,actions.upgrade,"Upgrade to level {level}"
t_facilities.php,actions.downgrade,"Downgrade to level {level}"
t_facilities.php,actions.demolish,Demolish
t_facilities.php,actions.cancel,Cancel
t_facilities.php,requirements.met,"Requirements met"
t_facilities.php,requirements.not_met,"Requirements not met"
t_facilities.php,requirements.research,"Research: {requirement}"
t_facilities.php,requirements.building,"Building: {requirement} level {level}"
t_facilities.php,cost.metal,"Metal: {amount}"
t_facilities.php,cost.crystal,"Crystal: {amount}"
t_facilities.php,cost.deuterium,"Deuterium: {amount}"
t_facilities.php,cost.energy,"Energy: {amount}"
t_facilities.php,cost.dark_matter,"Dark Matter: {amount}"
t_facilities.php,cost.total,"Total cost: {amount}"
t_facilities.php,construction_time,"Construction time: {time}"
t_facilities.php,upgrade_time,"Upgrade time: {time}"
t_galaxy.php,planet.description.nearest,"Due to the proximity to sun, collection of solar energy is highly efficient. However, planets in this position tend to be small and provide only small amounts of deuterium."
t_galaxy.php,planet.description.normal,"Normally, in this Position, there are balanced planets with sufficient sources of deuterium, a good supply of solar energy and enough room for development."
t_galaxy.php,planet.description.biggest,"Generally the biggest planets of the solar system lie in this position. Sun provides enough energy and sufficient deuterium sources can be anticipated."
t_galaxy.php,planet.description.farthest,"Due to the vast distance to the sun, collection of solar energy is limited. However these planets usually provide significant sources of deuterium."
t_galaxy.php,mission.colonize.name,Colonize
t_galaxy.php,mission.colonize.no_ship,"It is not possible to colonize a planet without a colony ship."
t_galaxy.php,discovery.locked,"You haven't unlocked the research to discover new lifeforms yet."
t_ingame.php,overview.diameter,Diameter
t_ingame.php,overview.temperature,Temperature
t_ingame.php,overview.position,Position
t_ingame.php,overview.points,Points
t_ingame.php,overview.honour_points,"Honour points"
t_ingame.php,overview.score_place,Place
t_ingame.php,overview.score_of,of
t_ingame.php,overview.switch_to_moon,"Switch to moon"
t_ingame.php,overview.switch_to_planet,"Switch to planet"
t_ingame.php,overview.abandon_rename_modal,"Abandon/Rename :planet_name"
t_ingame.php,overview.homeworld,Homeworld
t_ingame.php,overview.colony,Colony
t_ingame.php,planet_move.resettle_title,"Resettle Planet"
t_ingame.php,planet_move.cancel_confirm,"Are you sure that you wish to cancel this planet relocation? The reserved position will be released."
t_ingame.php,planet_move.cancel_success,"The planet relocation was successfully cancelled."
t_ingame.php,planet_move.blockers_title,"The following things are currently standing in the way of your planet relocation:"
t_ingame.php,planet_move.no_blockers,"Nothing can get in the way of the planet's planned relocation now."
t_ingame.php,planet_move.cooldown_title,"Time until next possible relocation"
t_ingame.php,planet_move.to_galaxy,"To galaxy"
t_ingame.php,planet_move.cancel,cancel
t_ingame.php,planet_move.explanation,"The relocation allows you to move your planets to another position in a distant system of your choosing.<br /><br />The actual relocation first takes place 24 hours after activation. In this time, you can use your planets as normal. A countdown shows you how much time remains prior to the relocation.<br /><br />Once the countdown has run down and the planet is to be moved, none of your fleets that are stationed there can be active. At this time, there should also be nothing in construction, nothing being repaired and nothing researched. If there is a construction task, a repair task or a fleet still active upon the countdown's expiry, the relocation will be cancelled.<br /><br />If the relocation is successful, you will be charged 240.000 Dark Matter. The planets, the buildings and the stored resources including moon will be moved immediately. Your fleets travel to the new coordinates automatically with the speed of the slowest ship. The jump gate to a relocated moon is deactivated for 24 hours."
t_ingame.php,planet_move.err_position_not_empty,"The target position is not empty."
t_ingame.php,planet_move.err_already_in_progress,"A planet relocation is already in progress."
t_ingame.php,planet_move.err_on_cooldown,"Relocation is on cooldown. Please wait before relocating again."
t_ingame.php,planet_move.err_insufficient_dm,"Insufficient Dark Matter. You need :amount DM."
t_ingame.php,planet_move.err_buildings_in_progress,"Cannot relocate while buildings are being constructed."
t_ingame.php,planet_move.err_research_in_progress,"Cannot relocate while research is in progress."
t_ingame.php,planet_move.err_units_in_progress,"Cannot relocate while units are being built."
t_ingame.php,planet_move.err_fleets_active,"Cannot relocate while fleet missions are active."
t_ingame.php,planet_move.err_no_active_relocation,"No active planet relocation found."
t_ingame.php,shared.caution,Caution
t_ingame.php,shared.yes,yes
t_ingame.php,shared.no,No
t_ingame.php,shared.error,Error
t_ingame.php,shared.dark_matter,"Dark Matter"
t_ingame.php,shared.duration,Duration
t_ingame.php,shared.error_occurred,"An error occurred."
t_ingame.php,shared.level,Level
t_ingame.php,shared.ok,OK
t_ingame.php,buildings.under_construction,"Under construction"
t_ingame.php,buildings.vacation_mode_error,"Error, player is in vacation mode"
t_ingame.php,buildings.requirements_not_met,"Requirements are not met!"
t_ingame.php,buildings.wrong_class,"Wrong character class!"
t_ingame.php,buildings.no_moon_building,"You can't construct that building on a moon!"
t_ingame.php,buildings.not_enough_resources,"Not enough resources!"
t_ingame.php,buildings.queue_full,"Queue is full"
t_ingame.php,buildings.not_enough_fields,"Not enough fields!"
t_ingame.php,buildings.shipyard_busy,"The shipyard is still busy"
t_ingame.php,buildings.research_in_progress,"Research is currently being carried out!"
t_ingame.php,buildings.research_lab_expanding,"Research Lab is being expanded."
t_ingame.php,buildings.shipyard_upgrading,"Shipyard is being upgraded."
t_ingame.php,buildings.nanite_upgrading,"Nanite Factory is being upgraded."
t_ingame.php,buildings.max_amount_reached,"Maximum number reached!"
t_ingame.php,buildings.expand_button,"Expand :title on level :level"
t_ingame.php,buildings.loca_notice,Reference
t_ingame.php,buildings.loca_demolish,"Really downgrade TECHNOLOGY_NAME by one level?"
t_ingame.php,buildings.loca_lifeform_cap,"One or more associated bonuses is already maxed out. Do you want to continue construction anyway?"
t_ingame.php,buildings.last_inquiry_error,"Your last action could not be processed. Please try again."
t_ingame.php,buildings.planet_move_warning,"Caution! This mission may still be running once the relocation period starts and if this is the case, the process will be canceled. Do you really want to continue with this job?"
t_ingame.php,buildings.building_started,"Building started successfully."
t_ingame.php,buildings.invalid_token,"Invalid token."
t_ingame.php,buildings.downgrade_started,"Building downgrade started."
t_ingame.php,buildings.construction_canceled,"Building construction canceled."
t_ingame.php,buildings.added_to_queue,"Added to build order."
t_ingame.php,buildings.invalid_queue_item,"Invalid queue item ID"
t_ingame.php,facilities_page.use_jump_gate,"Use Jump Gate"
t_ingame.php,facilities_page.burn_confirm,"Are you sure you want to burn up this wreck field? This action cannot be undone."
t_ingame.php,shipyard_page.battleships,Battleships
t_ingame.php,shipyard_page.no_units_idle,"No units are currently being built."
t_ingame.php,shipyard_page.no_units_idle_tooltip,"Click to go to the Shipyard."
t_ingame.php,shipyard_page.to_shipyard,"Go to Shipyard"
t_ingame.php,defense_page.page_title,Defense
t_ingame.php,resource_settings.production_factor,"Production factor"
t_ingame.php,resource_settings.level,Level
t_ingame.php,resource_settings.number,Number:
t_ingame.php,resource_settings.mine_production,"mine production"
t_ingame.php,resource_settings.energy_production,"energy production"
t_ingame.php,resource_settings.character_class,"Character Class"
t_ingame.php,resource_settings.total_per_day,"Total per day"
t_ingame.php,facilities_destroy.silo_description,"Missile silos are used to construct, store and launch interplanetary and anti-ballistic missiles. With each level of the silo, five interplanetary missiles or ten anti-ballistic missiles can be stored. One Interplanetary missile uses the same space as two Anti-Ballistic missiles. Storage of both Interplanetary missiles and Anti-Ballistic missiles in the same silo is allowed."
t_ingame.php,facilities_destroy.silo_capacity,"A missile silo on level :level can hold :ipm interplanetary missiles or :abm anti-ballistic missiles."
t_ingame.php,facilities_destroy.type,Type
t_ingame.php,facilities_destroy.number,Number
t_ingame.php,facilities_destroy.tear_down,"tear down"
t_ingame.php,facilities_destroy.proceed,Proceed
t_ingame.php,facilities_destroy.enter_minimum,"Please enter at least one missile to destroy"
t_ingame.php,facilities_destroy.not_enough_abm,"You do not have that many Anti-Ballistic Missiles"
t_ingame.php,facilities_destroy.not_enough_ipm,"You do not have that many Interplanetary Missiles"
t_ingame.php,facilities_destroy.destroyed_success,"Missiles destroyed successfully"
t_ingame.php,facilities_destroy.destroy_failed,"Failed to destroy missiles"
t_ingame.php,facilities_destroy.error,"An error occurred. Please try again."
t_ingame.php,fleet.dispatch_1_title,"Fleet Dispatch I"
t_ingame.php,fleet.dispatch_2_title,"Fleet Dispatch II"
t_ingame.php,fleet.dispatch_3_title,"Fleet Dispatch III"
t_ingame.php,fleet.to_movement,"To fleet movement"
t_ingame.php,fleet.expeditions,Expeditions
t_ingame.php,fleet.reload,Reload
t_ingame.php,fleet.clock,Clock
t_ingame.php,fleet.never,Never
t_ingame.php,fleet.no_free_slots,"No fleet slots available"
t_ingame.php,fleet.market_slots,Offers
t_ingame.php,fleet.tooltip_market_slots,"Used/Total trading fleets"
t_ingame.php,fleet.fleet_dispatch,"Fleet dispatch"
t_ingame.php,fleet.no_ships,"There are no ships on this planet."
t_ingame.php,fleet.in_combat,"The fleet is currently in combat."
t_ingame.php,fleet.vacation_error,"No fleets can be sent from vacation mode!"
t_ingame.php,fleet.not_enough_deuterium,"Not enough deuterium!"
t_ingame.php,fleet.no_target,"You have to select a valid target."
t_ingame.php,fleet.cannot_send_to_target,"Fleets can not be sent to this target."
t_ingame.php,fleet.mission_label,Mission
t_ingame.php,fleet.target_label,Target
t_ingame.php,fleet.player_name_label,"Player's Name"
t_ingame.php,fleet.no_selection,"Nothing has been selected"
t_ingame.php,fleet.no_mission_selected,"No mission selected!"
t_ingame.php,fleet.standard_fleets,"Standard fleets"
t_ingame.php,fleet.edit_standard_fleets,"Edit standard fleets"
t_ingame.php,fleet.select_all_ships,"Select all ships"
t_ingame.php,fleet.reset_choice,"Reset choice"
t_ingame.php,fleet.api_data,"This data can be entered into a compatible combat simulator:"
t_ingame.php,fleet.tactical_retreat,"Tactical retreat"
t_ingame.php,fleet.continue,Continue
t_ingame.php,fleet.origin,Origin
t_ingame.php,fleet.destination,Destination
t_ingame.php,fleet.debris_field,"Debris field"
t_ingame.php,fleet.shortcuts,Shortcuts
t_ingame.php,fleet.combat_forces,"Combat forces"
t_ingame.php,fleet.player_label,Player
t_ingame.php,fleet.player_name,"Player's Name"
t_ingame.php,fleet.select_mission,"Select mission for target"
t_ingame.php,fleet.bashing_disabled,"Attack missions have been deactivated as a result of too many attacks on the target."
t_ingame.php,fleet.desc_attack,"Attacks the fleet and defense of your opponent."
t_ingame.php,fleet.desc_acs_attack,"Honourable battles can become dishonourable battles if strong players enter through ACS. The attacker's sum of total military points in comparison to the defender's sum of total military points is the decisive factor here."
t_ingame.php,fleet.desc_transport,"Transports your resources to other planets."
t_ingame.php,fleet.desc_deploy,"Sends your fleet permanently to another planet of your empire."
t_ingame.php,fleet.desc_acs_defend,"Defend the planet of your team-mate."
t_ingame.php,fleet.desc_espionage,"Spy the worlds of foreign emperors."
t_ingame.php,fleet.desc_colonise,"Colonizes a new planet."
t_ingame.php,fleet.desc_recycle,"Send your recyclers to a debris field to collect the resources floating around there."
t_ingame.php,fleet.desc_destroy_moon,"Destroys the moon of your enemy."
t_ingame.php,fleet.desc_expedition,"Send your ships to the furthest reaches of space to complete exciting quests."
t_ingame.php,fleet.fleet_union,"Fleet union"
t_ingame.php,fleet.union_created,"Fleet union created successfully."
t_ingame.php,fleet.union_edited,"Fleet union successfully edited."
t_ingame.php,fleet.err_union_max_fleets,"A maximum of 16 fleets can attack."
t_ingame.php,fleet.err_union_max_players,"A maximum of 5 players can attack."
t_ingame.php,fleet.err_union_too_slow,"You are too slow to join this fleet."
t_ingame.php,fleet.err_union_target_mismatch,"Your fleet must target the same location as the fleet union."
t_ingame.php,fleet.union_name,"Union name"
t_ingame.php,fleet.buddy_list,"Buddy list"
t_ingame.php,fleet.buddy_list_loading,Loading...
t_ingame.php,fleet.buddy_list_empty,"No buddies available"
t_ingame.php,fleet.buddy_list_error,"Failed to load buddies"
t_ingame.php,fleet.search_user,"Search user"
t_ingame.php,fleet.union_user,"Union user"
t_ingame.php,fleet.invite,Invite
t_ingame.php,fleet.kick,Kick
t_ingame.php,fleet.ok,Ok
t_ingame.php,fleet.own_fleet,"Own fleet"
t_ingame.php,fleet.briefing,Briefing
t_ingame.php,fleet.load_resources,"Load resources"
t_ingame.php,fleet.load_all_resources,"Load all resources"
t_ingame.php,fleet.all_resources,"all resources"
t_ingame.php,fleet.flight_duration,"Duration of flight (one way)"
t_ingame.php,fleet.federation_duration,"Flight Duration (fleet union)"
t_ingame.php,fleet.arrival,Arrival
t_ingame.php,fleet.return_trip,Return
t_ingame.php,fleet.speed,Speed:
t_ingame.php,fleet.max_abbr,max.
t_ingame.php,fleet.hour_abbr,h
t_ingame.php,fleet.deuterium_consumption,"Deuterium consumption"
t_ingame.php,fleet.empty_cargobays,"Empty cargobays"
t_ingame.php,fleet.hold_time,"Hold time"
t_ingame.php,fleet.expedition_duration,"Duration of expedition"
t_ingame.php,fleet.cargo_bay,"cargo bay"
t_ingame.php,fleet.cargo_space,"Available space / Max. cargo space"
t_ingame.php,fleet.retreat_on_defender,"Return upon retreat by defenders"
t_ingame.php,fleet.plunder_food,"Plunder food"
t_ingame.php,fleet.fleet_details,"Fleet details"
t_ingame.php,fleet.ships,Ships
t_ingame.php,fleet.shipment,Shipment
t_ingame.php,fleet.recall,Recall
t_ingame.php,fleet.start_time,"Start time"
t_ingame.php,fleet.time_of_arrival,"Time of arrival"
t_ingame.php,fleet.deep_space,"Deep space"
t_ingame.php,fleet.uninhabited_planet,"Uninhabited planet"
t_ingame.php,fleet.no_debris_field,"No debris field"
t_ingame.php,fleet.player_vacation,"Player in vacation mode"
t_ingame.php,fleet.admin_gm,"Admin or GM"
t_ingame.php,fleet.noob_protection,"Noob protection"
t_ingame.php,fleet.player_too_strong,"This planet can not be attacked as the player is too strong!"
t_ingame.php,fleet.no_moon,"No moon available."
t_ingame.php,fleet.no_recycler,"No recycler available."
t_ingame.php,fleet.no_events,"There are currently no events running."
t_ingame.php,fleet.planet_already_reserved,"This planet has already been reserved for a relocation."
t_ingame.php,fleet.max_planet_warning,"Attention! No further planets may be colonised at the moment. Two levels of astrotechnology research are necessary for each new colony. Do you still want to send your fleet?"
t_ingame.php,fleet.empty_systems,"Empty Systems"
t_ingame.php,fleet.inactive_systems,"Inactive Systems"
t_ingame.php,fleet.network_on,On
t_ingame.php,fleet.network_off,Off
t_ingame.php,fleet.err_generic,"An error has occurred"
t_ingame.php,fleet.err_no_moon,"Error, there is no moon"
t_ingame.php,fleet.err_newbie_protection,"Error, player can't be approached because of newbie protection"
t_ingame.php,fleet.err_too_strong,"Player is too strong to be attacked"
t_ingame.php,fleet.err_vacation_mode,"Error, player is in vacation mode"
t_ingame.php,fleet.err_own_vacation,"No fleets can be sent from vacation mode!"
t_ingame.php,fleet.err_not_enough_ships,"Error, not enough ships available, send maximum number:"
t_ingame.php,fleet.err_no_ships,"Error, no ships available"
t_ingame.php,fleet.err_no_slots,"Error, no free fleet slots available"
t_ingame.php,fleet.err_no_deuterium,"Error, you don't have enough deuterium"
t_ingame.php,fleet.err_no_planet,"Error, there is no planet there"
t_ingame.php,fleet.err_no_cargo,"Error, not enough cargo capacity"
t_ingame.php,fleet.err_multi_alarm,Multi-alarm
t_ingame.php,fleet.err_attack_ban,"Attack ban"
t_ingame.php,fleet.enemy_fleet,Hostile
t_ingame.php,fleet.friendly_fleet,Friendly
t_ingame.php,fleet.admiral_slot_bonus,"Admiral bonus: extra fleet slot"
t_ingame.php,fleet.general_slot_bonus,"Bonus fleet slot"
t_ingame.php,fleet.bash_warning,"Warning: the attack limit has been reached! Further attacks may result in a ban."
t_ingame.php,fleet.add_new_template,"Save fleet template"
t_ingame.php,fleet.tactical_retreat_label,"Tactical retreat"
t_ingame.php,fleet.tactical_retreat_full_tooltip,"Enable tactical retreat: your fleet will retreat if the combat ratio is unfavourable. Requires Admiral for the 3:1 ratio."
t_ingame.php,fleet.tactical_retreat_admiral_tooltip,"Tactical retreat at 3:1 ratio (requires Admiral)"
t_ingame.php,fleet.fleet_sent_success,"Your fleet has been successfully sent."
t_ingame.php,galaxy.vacation_error,"You cannot use the galaxy view whilst in vacation mode!"
t_ingame.php,galaxy.system_espionage,"System Espionage"
t_ingame.php,galaxy.discoveries,Discoveries
t_ingame.php,galaxy.probes_short,Esp.Probe
t_ingame.php,galaxy.recycler_short,Recy.
t_ingame.php,galaxy.ipm_short,IPM.
t_ingame.php,galaxy.used_slots,"Used slots"
t_ingame.php,galaxy.player_status,"Player (Status)"
t_ingame.php,galaxy.planets_colonized,"Planets colonized"
t_ingame.php,galaxy.send,send
t_ingame.php,galaxy.status_admin_abbr,A
t_ingame.php,galaxy.status_strong_abbr,s
t_ingame.php,galaxy.legend_strong,"stronger player"
t_ingame.php,galaxy.status_noob_abbr,n
t_ingame.php,galaxy.legend_noob,"weaker player (newbie)"
t_ingame.php,galaxy.status_outlaw_abbr,o
t_ingame.php,galaxy.status_vacation_abbr,v
t_ingame.php,galaxy.status_banned_abbr,b
t_ingame.php,galaxy.legend_banned,banned
t_ingame.php,galaxy.status_inactive_abbr,i
t_ingame.php,galaxy.status_longinactive_abbr,I
t_ingame.php,galaxy.status_honorable_abbr,hp
t_ingame.php,galaxy.legend_honorable,"Honorable target"
t_ingame.php,galaxy.phalanx_restricted,"The system phalanx can only be used by the alliance class Researcher!"
t_ingame.php,galaxy.astro_required,"You have to research Astrophysics first."
t_ingame.php,galaxy.activity,Activity
t_ingame.php,galaxy.no_action,"No actions available."
t_ingame.php,galaxy.time_minute_abbr,m
t_ingame.php,galaxy.moon_diameter_km,"Diameter of moon in km"
t_ingame.php,galaxy.km,km
t_ingame.php,galaxy.pathfinders_needed,"Pathfinders needed"
t_ingame.php,galaxy.recyclers_needed,"Recyclers needed"
t_ingame.php,galaxy.mine_debris,Mine
t_ingame.php,galaxy.phalanx_no_deut,"Not enough deuterium to deploy phalanx."
t_ingame.php,galaxy.use_phalanx,"Use phalanx"
t_ingame.php,galaxy.colonize_error,"It is not possible to colonize a planet without a colony ship."
t_ingame.php,galaxy.ranking,Ranking
t_ingame.php,galaxy.espionage_report,"Espionage report"
t_ingame.php,galaxy.missile_attack,"Missile Attack"
t_ingame.php,galaxy.rank,Rank
t_ingame.php,galaxy.alliance_member,Member
t_ingame.php,galaxy.espionage_not_possible,"Espionage not possible"
t_ingame.php,galaxy.hire_admiral,"Hire admiral"
t_ingame.php,galaxy.dark_matter,"Dark Matter"
t_ingame.php,galaxy.outlaw_explanation,"If you are an outlaw, you no longer have any attack protection and can be attacked by all players."
t_ingame.php,galaxy.honorable_target_explanation,"In battle against this target you can receive honour points and plunder 50% more loot."
t_ingame.php,galaxy.relocate_success,"The position has been reserved for you. The colony's relocation has begun."
t_ingame.php,galaxy.relocate_title,"Resettle Planet"
t_ingame.php,galaxy.relocate_question,"Are you sure you want to relocate your planet to these coordinates? To finance the relocation you'll need :cost Dark Matter."
t_ingame.php,galaxy.deut_needed_relocate,"You don't have enough Deuterium! You need 10 Units of Deuterium."
t_ingame.php,galaxy.fleet_attacking,"Fleet is attacking!"
t_ingame.php,galaxy.fleet_underway,"Fleet is en-route"
t_ingame.php,galaxy.discovery_send,"Dispatch exploration ship"
t_ingame.php,galaxy.discovery_success,"Exploration ship dispatched"
t_ingame.php,galaxy.discovery_unavailable,"You can't dispatch an exploration ship to this location."
t_ingame.php,galaxy.discovery_underway,"An Exploration Ship is already on approach to this planet."
t_ingame.php,galaxy.discovery_locked,"You haven't unlocked the research to discover new lifeforms yet."
t_ingame.php,galaxy.discovery_title,"Exploration Ship"
t_ingame.php,galaxy.discovery_question,"Do you want to dispatch an exploration ship to this planet?<br/>Metal: 5000 Crystal: 1000 Deuterium: 500"
t_ingame.php,galaxy.sensor_report,"sensor report"
t_ingame.php,galaxy.refresh,Refresh
t_ingame.php,galaxy.arrived,Arrived
t_ingame.php,galaxy.target,Target
t_ingame.php,galaxy.flight_duration,"Flight duration"
t_ingame.php,galaxy.primary_target,"Primary target"
t_ingame.php,galaxy.no_primary_target,"No primary target selected: random target"
t_ingame.php,galaxy.target_has,"Target has"
t_ingame.php,galaxy.fire,Fire
t_ingame.php,galaxy.valid_missile_count,"Please enter a valid number of missiles"
t_ingame.php,galaxy.not_enough_missiles,"You do not have enough missiles"
t_ingame.php,galaxy.launched_success,"Missiles launched successfully!"
t_ingame.php,galaxy.launch_failed,"Failed to launch missiles"
t_ingame.php,galaxy.alliance_page,"Alliance Information"
t_ingame.php,galaxy.apply,Apply
t_ingame.php,galaxy.contact_support,"Contact Support"
t_ingame.php,buddy.request_sent,"Buddy request sent successfully!"
t_ingame.php,buddy.request_failed,"Failed to send buddy request."
t_ingame.php,buddy.request_to,"Buddy request to"
t_ingame.php,buddy.ignore_confirm,"Are you sure you want to ignore"
t_ingame.php,buddy.ignore_success,"Player ignored successfully!"
t_ingame.php,buddy.ignore_failed,"Failed to ignore player."
t_ingame.php,messages.subtab_combat,"Combat Reports"
t_ingame.php,messages.subtab_expeditions,Expeditions
t_ingame.php,messages.subtab_transport,Unions/Transport
t_ingame.php,messages.subtab_other,Other
t_ingame.php,messages.subtab_information,Information
t_ingame.php,messages.subtab_shared_combat,"Shared Combat Reports"
t_ingame.php,messages.subtab_shared_espionage,"Shared Espionage Reports"
t_ingame.php,messages.error_occurred,"An error has occurred"
t_ingame.php,messages.mark_favourite,"mark as favourite"
t_ingame.php,messages.remove_favourite,"remove from favourites"
t_ingame.php,messages.from,From
t_ingame.php,messages.no_messages,"There are currently no messages available in this tab"
t_ingame.php,messages.new_alliance_msg,"New alliance message"
t_ingame.php,messages.to,To
t_ingame.php,messages.all_players,"all players"
t_ingame.php,messages.send,send
t_ingame.php,messages.delete_buddy_title,"Delete buddy"
t_ingame.php,messages.report_to_operator,"Report this message to a game operator?"
t_ingame.php,messages.too_few_chars,"Too few characters! Please put in at least 2 characters."
t_ingame.php,messages.bbcode_bold,Bold
t_ingame.php,messages.bbcode_italic,Italic
t_ingame.php,messages.bbcode_underline,Underline
t_ingame.php,messages.bbcode_stroke,Strikethrough
t_ingame.php,messages.bbcode_sub,Subscript
t_ingame.php,messages.bbcode_sup,Superscript
t_ingame.php,messages.bbcode_font_color,"Font colour"
t_ingame.php,messages.bbcode_font_size,"Font size"
t_ingame.php,messages.bbcode_bg_color,"Background colour"
t_ingame.php,messages.bbcode_bg_image,"Background image"
t_ingame.php,messages.bbcode_tooltip,Tool-tip
t_ingame.php,messages.bbcode_align_left,"Left align"
t_ingame.php,messages.bbcode_align_center,"Centre align"
t_ingame.php,messages.bbcode_align_right,"Right align"
t_ingame.php,messages.bbcode_align_justify,Justify
t_ingame.php,messages.bbcode_block,Break
t_ingame.php,messages.bbcode_code,Code
t_ingame.php,messages.bbcode_spoiler,Spoiler
t_ingame.php,messages.bbcode_moreopts,"More Options"
t_ingame.php,messages.bbcode_list,List
t_ingame.php,messages.bbcode_hr,"Horizontal line"
t_ingame.php,messages.bbcode_picture,Image
t_ingame.php,messages.bbcode_link,Link
t_ingame.php,messages.bbcode_email,Email
t_ingame.php,messages.bbcode_player,Player
t_ingame.php,messages.bbcode_item,Item
t_ingame.php,messages.bbcode_preview,Preview
t_ingame.php,messages.bbcode_text_ph,Text...
t_ingame.php,messages.bbcode_player_ph,"Player ID or name"
t_ingame.php,messages.bbcode_item_ph,"Item ID"
t_ingame.php,messages.bbcode_coord_ph,Galaxy:system:position
t_ingame.php,messages.bbcode_chars_left,"Characters remaining"
t_ingame.php,messages.bbcode_ok,Ok
t_ingame.php,messages.bbcode_cancel,Cancel
t_ingame.php,messages.bbcode_repeat_x,"Repeat horizontally"
t_ingame.php,messages.bbcode_repeat_y,"Repeat vertically"
t_ingame.php,messages.spy_player,Player
t_ingame.php,messages.spy_activity,Activity
t_ingame.php,messages.spy_minutes_ago,"minutes ago"
t_ingame.php,messages.spy_unknown,Unknown
t_ingame.php,messages.spy_no_alliance_class,"No alliance class selected"
t_ingame.php,messages.spy_loot,Loot
t_ingame.php,messages.spy_counter_esp,"Chance of counter-espionage"
t_ingame.php,messages.spy_no_info,"We were unable to retrieve any reliable information of this type from the scan."
t_ingame.php,messages.spy_no_activity,"Your espionage does not show abnormalities in the atmosphere of the planet. There appears to have been no activity on the planet within the last hour."
t_ingame.php,messages.spy_defense,Defense
t_ingame.php,messages.spy_building,Building
t_ingame.php,messages.battle_attacker,Attacker
t_ingame.php,messages.battle_defender,Defender
t_ingame.php,messages.battle_loot,Loot
t_ingame.php,messages.battle_debris_new,"Debris field (newly created)"
t_ingame.php,messages.battle_wreckage_created,"Wreckage created"
t_ingame.php,messages.battle_attacker_wreckage,"Attacker wreckage"
t_ingame.php,messages.battle_repaired,"Actually repaired"
t_ingame.php,messages.battle_moon_chance,"Moon Chance"
t_ingame.php,messages.battle_report,"Combat Report"
t_ingame.php,messages.battle_fleet_command,"Fleet Command"
t_ingame.php,messages.battle_from,From
t_ingame.php,messages.battle_tactical_retreat,"Tactical retreat"
t_ingame.php,messages.battle_total_loot,"Total loot"
t_ingame.php,messages.battle_debris,"Debris (new)"
t_ingame.php,messages.battle_mined_after,"Mined after combat"
t_ingame.php,messages.battle_debris_left,"Debris fields (left)"
t_ingame.php,messages.battle_honour_points,"Honour points"
t_ingame.php,messages.battle_dishonourable,"Dishonourable fight"
t_ingame.php,messages.battle_vs,vs
t_ingame.php,messages.battle_honourable,"Honourable fight"
t_ingame.php,messages.battle_weapons,Weapons
t_ingame.php,messages.battle_shields,Shields
t_ingame.php,messages.battle_armour,Armour
t_ingame.php,messages.battle_defences,Defences
t_ingame.php,messages.battle_repaired_def,"Repaired defences"
t_ingame.php,messages.battle_share,"share message"
t_ingame.php,messages.battle_delete,delete
t_ingame.php,messages.battle_favourite,"mark as favourite"
t_ingame.php,messages.battle_hamill,"A Light Fighter destroyed one Deathstar before the battle began!"
t_ingame.php,messages.battle_retreat_tooltip,"Please note that Deathstars, Espionage Probes, Solar Satellites and any fleet on a ACS Defence mission cannot flee. Tactical retreats are also deactivated in honourable battles. A retreat may also have been manually deactivated or prevented by a lack of deuterium. Bandits and players with more than 500,000 points never retreat."
t_ingame.php,messages.battle_no_flee,"The defending fleet did not flee."
t_ingame.php,messages.battle_rounds,Rounds
t_ingame.php,messages.battle_start,Start
t_ingame.php,messages.battle_player_from,from
t_ingame.php,messages.battle_attacker_fires,"The :attacker fires a total of :hits shots at the :defender with a total strength of :strength. The :defender2's shields absorb :absorbed points of damage."
t_ingame.php,messages.battle_defender_fires,"The :defender fires a total of :hits shots at the :attacker with a total strength of :strength. The :attacker2's shields absorb :absorbed points of damage."
t_ingame.php,alliance.tab_management,Management
t_ingame.php,alliance.tab_applications,Applications
t_ingame.php,alliance.tab_classes,"Alliance Classes"
t_ingame.php,alliance.tab_apply,apply
t_ingame.php,alliance.your_alliance,"Your alliance"
t_ingame.php,alliance.tag,Tag
t_ingame.php,alliance.created,Created
t_ingame.php,alliance.member,Member
t_ingame.php,alliance.your_rank,"Your Rank"
t_ingame.php,alliance.homepage,Homepage
t_ingame.php,alliance.logo,"Alliance logo"
t_ingame.php,alliance.open_page,"Open alliance page"
t_ingame.php,alliance.highscore,"Alliance highscore"
t_ingame.php,alliance.leave_wait_warning,"If you leave the alliance, you will need to wait 3 days before joining or creating another alliance."
t_ingame.php,alliance.leave_btn,"Leave alliance"
t_ingame.php,alliance.member_list,"Member List"
t_ingame.php,alliance.no_members,"No members found"
t_ingame.php,alliance.assign_rank_btn,"Assign rank"
t_ingame.php,alliance.kick_tooltip,"Kick alliance member"
t_ingame.php,alliance.write_msg_tooltip,"Write message"
t_ingame.php,alliance.col_rank,Rank
t_ingame.php,alliance.col_coords,Coords
t_ingame.php,alliance.col_joined,Joined
t_ingame.php,alliance.col_function,Function
t_ingame.php,alliance.internal_area,"Internal Area"
t_ingame.php,alliance.external_area,"External Area"
t_ingame.php,alliance.configure_privileges,"Configure privileges"
t_ingame.php,alliance.col_rank_name,"Rank name"
t_ingame.php,alliance.col_applications_group,Applications
t_ingame.php,alliance.col_member_group,Member
t_ingame.php,alliance.delete_rank,"Delete rank"
t_ingame.php,alliance.rights_warning_html,"<strong>Warning!</strong> You can only give permissions that you have yourself."
t_ingame.php,alliance.rights_warning_loca,"[b]Warning![/b] You can only give permissions that you have yourself."
t_ingame.php,alliance.rights_legend,"Rights legend"
t_ingame.php,alliance.create_rank_btn,"Create new rank"
t_ingame.php,alliance.rank_name_placeholder,"Rank name"
t_ingame.php,alliance.no_ranks,"No ranks found"
t_ingame.php,alliance.perm_see_applications,"Show applications"
t_ingame.php,alliance.perm_edit_applications,"Process applications"
t_ingame.php,alliance.perm_see_members,"Show member list"
t_ingame.php,alliance.perm_kick_user,"Kick user"
t_ingame.php,alliance.perm_see_online,"See online status"
t_ingame.php,alliance.perm_send_circular,"Write circular message"
t_ingame.php,alliance.perm_disband,"Disband alliance"
t_ingame.php,alliance.perm_manage,"Manage alliance"
t_ingame.php,alliance.perm_right_hand,"Right hand"
t_ingame.php,alliance.perm_right_hand_long,"`Right Hand` (necessary to transfer founder rank)"
t_ingame.php,alliance.perm_manage_classes,"Manage alliance class"
t_ingame.php,alliance.manage_texts,"Manage texts"
t_ingame.php,alliance.internal_text,"Internal text"
t_ingame.php,alliance.external_text,"External text"
t_ingame.php,alliance.application_text,"Application text"
t_ingame.php,alliance.alliance_logo_label,"Alliance logo"
t_ingame.php,alliance.applications_field,Applications
t_ingame.php,alliance.status_open,"Possible (alliance open)"
t_ingame.php,alliance.status_closed,"Impossible (alliance closed)"
t_ingame.php,alliance.rename_founder,"Rename founder title as"
t_ingame.php,alliance.rename_newcomer,"Rename Newcomer rank"
t_ingame.php,alliance.no_settings_perm,"You do not have permission to manage alliance settings."
t_ingame.php,alliance.change_tag_name,"Change alliance tag/name"
t_ingame.php,alliance.change_tag,"Change alliance tag"
t_ingame.php,alliance.change_name,"Change alliance name"
t_ingame.php,alliance.former_tag,"Former alliance tag:"
t_ingame.php,alliance.new_tag,"New alliance tag:"
t_ingame.php,alliance.former_name,"Former alliance name:"
t_ingame.php,alliance.new_name,"New alliance name:"
t_ingame.php,alliance.former_tag_short,"Former alliance tag"
t_ingame.php,alliance.new_tag_short,"New alliance tag"
t_ingame.php,alliance.former_name_short,"Former alliance name"
t_ingame.php,alliance.new_name_short,"New alliance name"
t_ingame.php,alliance.no_tagname_perm,"You do not have permission to change alliance tag/name."
t_ingame.php,alliance.delete_pass_on,"Delete alliance/Pass alliance on"
t_ingame.php,alliance.delete_btn,"Delete this alliance"
t_ingame.php,alliance.no_delete_perm,"You do not have permission to delete the alliance."
t_ingame.php,alliance.handover,"Handover alliance"
t_ingame.php,alliance.takeover_btn,"Take over alliance"
t_ingame.php,alliance.loca_continue,Continue
t_ingame.php,alliance.loca_change_founder,"Transfer the founder title to:"
t_ingame.php,alliance.loca_no_transfer_error,"None of the members have the required `right hand` right. You cannot hand over the alliance."
t_ingame.php,alliance.loca_founder_inactive_error,"The founder is not inactive long enough in order to take over the alliance."
t_ingame.php,alliance.leave_section_title,"Leave alliance"
t_ingame.php,alliance.leave_consequences,"If you leave the alliance, you will lose all your rank permissions and alliance benefits."
t_ingame.php,alliance.no_applications,"No applications found"
t_ingame.php,alliance.accept_btn,accept
t_ingame.php,alliance.deny_btn,"Deny applicant"
t_ingame.php,alliance.report_btn,"Report application"
t_ingame.php,alliance.app_date,"Application date"
t_ingame.php,alliance.answer_btn,answer
t_ingame.php,alliance.reason_label,Reason
t_ingame.php,alliance.apply_title,"Apply to Alliance"
t_ingame.php,alliance.apply_heading,"Application to"
t_ingame.php,alliance.send_application_btn,"Send application"
t_ingame.php,alliance.chars_remaining,"Characters remaining"
t_ingame.php,alliance.msg_too_long,"Message is too long (max 2000 characters)"
t_ingame.php,alliance.addressee,To
t_ingame.php,alliance.all_players,"all players"
t_ingame.php,alliance.only_rank,"only rank:"
t_ingame.php,alliance.info_title,"Alliance Information"
t_ingame.php,alliance.apply_confirm,"Do you want to apply to this alliance?"
t_ingame.php,alliance.redirect_confirm,"By following this link, you will leave OGame. Do you wish to continue?"
t_ingame.php,alliance.select_class_title,"Select alliance class"
t_ingame.php,alliance.class_warriors,"Warriors (Alliance)"
t_ingame.php,alliance.class_traders,"Traders (Alliance)"
t_ingame.php,alliance.class_researchers,"Researchers (Alliance)"
t_ingame.php,alliance.buy_for,"Buy for"
t_ingame.php,alliance.no_dark_matter,"There is not enough dark matter available"
t_ingame.php,alliance.loca_deactivate,Deactivate
t_ingame.php,alliance.loca_activate_dm,"Do you want to activate the alliance class #allianceClassName# for #darkmatter# Dark Matter? In doing so, you will lose your current alliance class."
t_ingame.php,alliance.loca_activate_item,"Do you want to activate the alliance class #allianceClassName#? In doing so, you will lose your current alliance class."
t_ingame.php,alliance.loca_deactivate_note,"Do you really want to deactivate the alliance class #allianceClassName#? Reactivation requires an alliance class change item for 500,000 Dark Matter."
t_ingame.php,alliance.loca_class_change_append,"<br><br>Current alliance class: #currentAllianceClassName#<br><br>Last changed on: #lastAllianceClassChange#"
t_ingame.php,alliance.loca_no_dm,"Not enough Dark Matter available! Do you want to buy some now?"
t_ingame.php,alliance.loca_reference,Reference
t_ingame.php,alliance.warrior_bonus_1,"+10% speed for ships flying between alliance members"
t_ingame.php,alliance.warrior_bonus_2,"+1 combat research levels"
t_ingame.php,alliance.warrior_bonus_3,"+1 espionage research levels"
t_ingame.php,alliance.warrior_bonus_4,"The espionage system can be used to scan whole systems."
t_ingame.php,alliance.trader_bonus_1,"+10% speed for transporters"
t_ingame.php,alliance.trader_bonus_2,"+5% mine production"
t_ingame.php,alliance.trader_bonus_3,"+5% energy production"
t_ingame.php,alliance.trader_bonus_4,"+10% planet storage capacity"
t_ingame.php,alliance.trader_bonus_5,"+10% moon storage capacity"
t_ingame.php,alliance.researcher_bonus_1,"+5% larger planets on colonisation"
t_ingame.php,alliance.researcher_bonus_2,"+10% speed to expedition destination"
t_ingame.php,alliance.researcher_bonus_3,"The system phalanx can be used to scan fleet movements in whole systems."
t_ingame.php,alliance.class_not_implemented,"Alliance class system not yet implemented"
t_ingame.php,alliance.create_tag_label,"Alliance Tag (3-8 characters)"
t_ingame.php,alliance.create_name_label,"Alliance name (3-30 characters)"
t_ingame.php,alliance.loca_ally_tag_chars,"Alliance-Tag (3-30 characters)"
t_ingame.php,alliance.loca_ally_name_chars,"Alliance-Name (3-8 characters)"
t_ingame.php,alliance.loca_ally_name_label,"Alliance name (3-30 characters)"
t_ingame.php,alliance.loca_ally_tag_label,"Alliance Tag (3-8 characters)"
t_ingame.php,alliance.validation_min_chars,"Not enough characters"
t_ingame.php,alliance.validation_special,"Contains invalid characters."
t_ingame.php,alliance.validation_underscore,"Your name may not start or end with an underscore."
t_ingame.php,alliance.validation_hyphen,"Your name may not start or finish with a hyphen."
t_ingame.php,alliance.validation_space,"Your name may not start or end with a space."
t_ingame.php,alliance.validation_max_underscores,"Your name may not contain more than 3 underscores in total."
t_ingame.php,alliance.validation_max_hyphens,"Your name may not contain more than 3 hyphens."
t_ingame.php,alliance.validation_max_spaces,"Your name may not include more than 3 spaces in total."
t_ingame.php,alliance.validation_consec_underscores,"You may not use two or more underscores one after the other."
t_ingame.php,alliance.validation_consec_hyphens,"You may not use two or more hyphens consecutively."
t_ingame.php,alliance.validation_consec_spaces,"You may not use two or more spaces one after the other."
t_ingame.php,alliance.confirm_leave,"Are you sure you want to leave the alliance?"
t_ingame.php,alliance.confirm_kick,"Are you sure you want to kick :username from the alliance?"
t_ingame.php,alliance.confirm_deny,"Are you sure you want to deny this application?"
t_ingame.php,alliance.confirm_deny_title,"Deny application"
t_ingame.php,alliance.confirm_disband,"Really delete alliance?"
t_ingame.php,alliance.confirm_pass_on,"Are you sure you want to pass on your alliance?"
t_ingame.php,alliance.confirm_takeover,"Are you sure that you want to take over this alliance?"
t_ingame.php,alliance.confirm_abandon,"Abandon this alliance?"
t_ingame.php,alliance.confirm_takeover_long,"Take over this alliance?"
t_ingame.php,alliance.msg_already_in,"You are already in an alliance"
t_ingame.php,alliance.msg_not_in_alliance,"You are not in an alliance"
t_ingame.php,alliance.msg_not_found,"Alliance not found"
t_ingame.php,alliance.msg_id_required,"Alliance ID is required"
t_ingame.php,alliance.msg_closed,"This alliance is closed for applications"
t_ingame.php,alliance.msg_created,"Alliance created successfully"
t_ingame.php,alliance.msg_applied,"Application submitted successfully"
t_ingame.php,alliance.msg_accepted,"Application accepted"
t_ingame.php,alliance.msg_rejected,"Application rejected"
t_ingame.php,alliance.msg_kicked,"Member kicked from alliance"
t_ingame.php,alliance.msg_kicked_success,"Member kicked successfully"
t_ingame.php,alliance.msg_left,"You have left the alliance"
t_ingame.php,alliance.msg_rank_assigned,"Rank assigned"
t_ingame.php,alliance.msg_rank_assigned_to,"Rank assigned successfully to :name"
t_ingame.php,alliance.msg_ranks_assigned,"Ranks assigned successfully"
t_ingame.php,alliance.msg_rank_perms_updated,"Rank permissions updated"
t_ingame.php,alliance.msg_texts_updated,"Alliance texts updated"
t_ingame.php,alliance.msg_text_updated,"Alliance text updated"
t_ingame.php,alliance.msg_settings_updated,"Alliance settings updated"
t_ingame.php,alliance.msg_tag_updated,"Alliance tag updated"
t_ingame.php,alliance.msg_name_updated,"Alliance name updated"
t_ingame.php,alliance.msg_tag_name_updated,"Alliance tag and name updated"
t_ingame.php,alliance.msg_disbanded,"Alliance disbanded"
t_ingame.php,alliance.msg_broadcast_sent,"Broadcast message sent successfully"
t_ingame.php,alliance.msg_rank_created,"Rank created successfully"
t_ingame.php,alliance.msg_apply_success,"Application submitted successfully"
t_ingame.php,alliance.msg_apply_error,"Failed to submit application"
t_ingame.php,alliance.msg_leave_error,"Failed to leave alliance"
t_ingame.php,alliance.msg_assign_error,"Failed to assign ranks"
t_ingame.php,alliance.msg_kick_error,"Failed to kick member"
t_ingame.php,alliance.msg_invalid_action,"Invalid action"
t_ingame.php,alliance.msg_error,"An error occurred"
t_ingame.php,alliance.rank_founder_default,Founder
t_ingame.php,alliance.rank_newcomer_default,Newcomer
t_ingame.php,techtree.tab_techtree,Techtree
t_ingame.php,techtree.tab_applications,Applications
t_ingame.php,techtree.tab_techinfo,Techinfo
t_ingame.php,techtree.no_requirements,"No requirements available"
t_ingame.php,techtree.is_requirement_for,"is a requirement for"
t_ingame.php,techtree.level,Level
t_ingame.php,techtree.col_level,Level
t_ingame.php,techtree.col_difference,Difference
t_ingame.php,techtree.col_diff_per_level,Difference/Level
t_ingame.php,techtree.col_protected,Protected
t_ingame.php,techtree.col_protected_percent,"Protected (Percent)"
t_ingame.php,techtree.production_energy_balance,"Energy Balance"
t_ingame.php,techtree.production_per_hour,Production/h
t_ingame.php,techtree.production_deuterium_consumption,"Deuterium consumption"
t_ingame.php,techtree.properties_technical_data,"Technical data"
t_ingame.php,techtree.properties_structural_integrity,"Structural Integrity"
t_ingame.php,techtree.properties_shield_strength,"Shield Strength"
t_ingame.php,techtree.properties_attack_strength,"Attack Strength"
t_ingame.php,techtree.properties_speed,Speed
t_ingame.php,techtree.properties_cargo_capacity,"Cargo Capacity"
t_ingame.php,techtree.properties_fuel_usage,"Fuel usage (Deuterium)"
t_ingame.php,techtree.tooltip_basic_value,"Basic value"
t_ingame.php,techtree.rapidfire_from,"Rapidfire from"
t_ingame.php,techtree.rapidfire_against,"Rapidfire against"
t_ingame.php,techtree.storage_capacity,"Storage cap."
t_ingame.php,techtree.plasma_metal_bonus,"Metal bonus %"
t_ingame.php,techtree.plasma_crystal_bonus,"Crystal bonus %"
t_ingame.php,techtree.plasma_deuterium_bonus,"Deuterium bonus %"
t_ingame.php,techtree.astrophysics_max_colonies,"Maximum colonies"
t_ingame.php,techtree.astrophysics_max_expeditions,"Maximum expeditions"
t_ingame.php,techtree.astrophysics_note_1,"Positions 3 and 13 can be populated from level 4 onwards."
t_ingame.php,techtree.astrophysics_note_2,"Positions 2 and 14 can be populated from level 6 onwards."
t_ingame.php,techtree.astrophysics_note_3,"Positions 1 and 15 can be populated from level 8 onwards."
t_ingame.php,options.section_playername,"Players Name"
t_ingame.php,options.your_player_name,"Your player name:"
t_ingame.php,options.new_player_name,"New player name:"
t_ingame.php,options.username_change_once_week,"You can change your username once per week."
t_ingame.php,options.username_change_hint,"To do so, click on your name or the settings at the top of the screen."
t_ingame.php,options.section_password,"Change password"
t_ingame.php,options.old_password,"Enter old password:"
t_ingame.php,options.new_password,"New password (at least 4 characters):"
t_ingame.php,options.repeat_password,"Repeat the new password:"
t_ingame.php,options.password_check,"Password check:"
t_ingame.php,options.password_strength_low,Low
t_ingame.php,options.password_strength_medium,Medium
t_ingame.php,options.password_strength_high,High
t_ingame.php,options.password_properties_title,"The password should contain the following properties"
t_ingame.php,options.password_min_max,"min. 4 characters, max. 128 characters"
t_ingame.php,options.password_mixed_case,"Upper and lower case"
t_ingame.php,options.password_special_chars,"Special characters (e.g. !?:_., )"
t_ingame.php,options.password_numbers,Numbers
t_ingame.php,options.password_length_hint,"Your password needs to have at least <strong>4 characters</strong> and may not be longer than <strong>128 characters</strong>."
t_ingame.php,options.section_email,"Email address"
t_ingame.php,options.current_email,"Current email address:"
t_ingame.php,options.send_validation_link,"Send validation link"
t_ingame.php,options.email_sent_success,"Email has been sent successfully!"
t_ingame.php,options.email_sent_error,"Error! Account is already validated or the email could not be sent!"
t_ingame.php,options.email_too_many_requests,"You've already requested too many emails!"
t_ingame.php,options.new_email,"New email address:"
t_ingame.php,options.new_email_confirm,"New email address (to confirmation):"
t_ingame.php,options.enter_password_confirm,"Enter password (as confirmation):"
t_ingame.php,options.email_warning,"Warning! After a successful account validation, a renewed change of email address is only possible after a period of <b>7 days</b>."
t_ingame.php,options.msg_language_changed,"Language preference saved."
t_ingame.php,options.show_mobile_version,"Show mobile version:"
t_ingame.php,options.show_alt_dropdowns,"Show alternative drop downs:"
t_ingame.php,options.sort_order_up,up
t_ingame.php,options.sort_order_down,down
t_ingame.php,options.popup_combat_reports,"Combat reports in an extra window:"
t_ingame.php,options.hide_report_pictures,"Hide pictures in reports:"
t_ingame.php,options.msgs_per_page,"Amount of displayed messages per page:"
t_ingame.php,options.auctioneer_notifications,"Auctioneer notification:"
t_ingame.php,options.economy_notifications,"Create economy messages:"
t_ingame.php,options.vacation_active,"You are currently in vacation mode."
t_ingame.php,options.vacation_can_deactivate_after,"You can deactivate it after:"
t_ingame.php,options.vacation_cannot_activate,"Vacation mode can not be activated (Active fleets)"
t_ingame.php,options.vacation_deactivate_btn,Deactivate
t_ingame.php,options.validation_not_enough_chars,"Not enough characters"
t_ingame.php,options.validation_pw_too_short,"The entered password is too short (min. 4 characters)"
t_ingame.php,options.validation_pw_too_long,"The entered password is too long (max. 20 characters)"
t_ingame.php,options.validation_invalid_email,"You need to enter a valid email address!"
t_ingame.php,options.validation_special_chars,"Contains invalid characters."
t_ingame.php,options.validation_no_begin_end_underscore,"Your name may not start or end with an underscore."
t_ingame.php,options.validation_no_begin_end_hyphen,"Your name may not start or finish with a hyphen."
t_ingame.php,options.validation_no_begin_end_whitespace,"Your name may not start or end with a space."
t_ingame.php,options.validation_max_three_underscores,"Your name may not contain more than 3 underscores in total."
t_ingame.php,options.validation_max_three_hyphens,"Your name may not contain more than 3 hyphens."
t_ingame.php,options.validation_max_three_spaces,"Your name may not include more than 3 spaces in total."
t_ingame.php,options.validation_no_consecutive_underscores,"You may not use two or more underscores one after the other."
t_ingame.php,options.validation_no_consecutive_hyphens,"You may not use two or more hyphens consecutively."
t_ingame.php,options.validation_no_consecutive_spaces,"You may not use two or more spaces one after the other."
t_ingame.php,options.js_change_name_title,"New player name"
t_ingame.php,options.js_change_name_question,"Are you sure you want to change your player name to %newName%?"
t_ingame.php,options.js_planet_move_question,"Caution! This mission may still be running once the relocation period starts and if this is the case, the process will be cancelled. Do you really want to continue with this job?"
t_ingame.php,options.js_tab_disabled,"To use this option you have to be validated and cannot be in vacation mode!"
t_ingame.php,options.js_vacation_question,"Do you want to activate vacation mode? You can only end your vacation after 2 days."
t_ingame.php,options.msg_settings_saved,"Settings saved"
t_ingame.php,options.msg_password_incorrect,"The current password you entered is incorrect."
t_ingame.php,options.msg_password_mismatch,"The new passwords do not match."
t_ingame.php,options.msg_password_length_invalid,"The new password must be between 4 and 128 characters."
t_ingame.php,options.msg_vacation_activated,"Vacation mode has been activated. It will protect you from new attacks for a minimum of 48 hours."
t_ingame.php,options.msg_vacation_deactivated,"Vacation mode has been deactivated."
t_ingame.php,options.msg_vacation_min_duration,"You can only deactivate vacation mode after the minimum duration of 48 hours has passed."
t_ingame.php,options.msg_vacation_fleets_in_transit,"You cannot activate vacation mode while you have fleets in transit."
t_ingame.php,options.msg_probes_min_one,"Espionage probes amount must be at least 1"
t_ingame.php,layout.player,Player
t_ingame.php,layout.change_player_name,"Change player name"
t_ingame.php,layout.notes_overlay_title,"My notes"
t_ingame.php,layout.search_overlay_title,"Search Universe"
t_ingame.php,layout.unread_messages,"unread message(s)"
t_ingame.php,layout.under_attack,"You are under attack!"
t_ingame.php,layout.class_none,"No class selected"
t_ingame.php,layout.class_selected,"Your class: :name"
t_ingame.php,layout.class_click_select,"Click to select a character class"
t_ingame.php,layout.res_available,Available
t_ingame.php,layout.res_current_production,"Current production"
t_ingame.php,layout.res_den_capacity,"Den Capacity"
t_ingame.php,layout.res_consumption,Consumption
t_ingame.php,layout.res_purchase_dm,"Purchase Dark Matter"
t_ingame.php,layout.res_dark_matter,"Dark Matter"
t_ingame.php,layout.menu_defense,Defense
t_ingame.php,layout.menu_directives,Directives
t_ingame.php,layout.contacts_online,":count Contact(s) online"
t_ingame.php,layout.back_to_top,"Back to top"
t_ingame.php,layout.all_rights_reserved,"All rights reserved."
t_ingame.php,layout.patch_notes,"Patch notes"
t_ingame.php,layout.help,Help
t_ingame.php,layout.board,Board
t_ingame.php,layout.js_internal_error,"A previously unknown error has occurred. Unfortunately your last action couldn't be executed!"
t_ingame.php,layout.js_notify_info,Info
t_ingame.php,layout.js_notify_success,Success
t_ingame.php,layout.js_notify_warning,Warning
t_ingame.php,layout.js_combatsim_planning,Planning
t_ingame.php,layout.js_combatsim_pending,"Simulation running..."
t_ingame.php,layout.js_combatsim_done,Complete
t_ingame.php,layout.js_msg_restore,restore
t_ingame.php,layout.js_msg_delete,delete
t_ingame.php,layout.js_copied,"Copied to clipboard"
t_ingame.php,layout.js_report_operator,"Report this message to a game operator?"
t_ingame.php,layout.js_time_done,done
t_ingame.php,layout.js_question,Question
t_ingame.php,layout.js_ok,Ok
t_ingame.php,layout.js_outlaw_warning,"You are about to attack a stronger player. If you do this, your attack defenses will be shut down for 7 days and all players will be able to attack you without punishment. Are you sure you want to continue?"
t_ingame.php,layout.js_last_slot_moon,"This building will use the last available building slot. Expand your Lunar Base to receive more space. Are you sure you want to build this building?"
t_ingame.php,layout.js_last_slot_planet,"This building will use the last available building slot. Expand your Terraformer or buy a Planet Field item to obtain more slots. Are you sure you want to build this building?"
t_ingame.php,layout.js_forced_vacation,"Some game features are unavailable until your account is validated."
t_ingame.php,layout.js_planet_lock,"Lock arrangement"
t_ingame.php,layout.js_planet_unlock,"Unlock arrangement"
t_ingame.php,layout.js_activate_item_question,"Would you like to replace the existing item? The old bonus will be lost in the process."
t_ingame.php,layout.js_activate_item_header,"Replace item?"
t_ingame.php,layout.chat_text_empty,"Where is the message?"
t_ingame.php,layout.chat_text_too_long,"The message is too long."
t_ingame.php,layout.chat_same_user,"You cannot write to yourself."
t_ingame.php,layout.chat_ignored_user,"You have ignored this player."
t_ingame.php,layout.chat_not_activated,"This function is only available after your accounts activation."
t_ingame.php,layout.chat_new_chats,"#+# unread message(s)"
t_ingame.php,layout.chat_more_users,"show more"
t_ingame.php,layout.eventbox_mission,Mission
t_ingame.php,layout.eventbox_missions,Missions
t_ingame.php,layout.eventbox_next,Next
t_ingame.php,layout.eventbox_type,Type
t_ingame.php,layout.eventbox_own,own
t_ingame.php,layout.eventbox_friendly,friendly
t_ingame.php,layout.eventbox_hostile,hostile
t_ingame.php,layout.planet_move_ask_title,"Resettle Planet"
t_ingame.php,layout.planet_move_ask_cancel,"Are you sure that you wish to cancel this planet relocation? The normal waiting time will thereby be maintained."
t_ingame.php,layout.planet_move_success,"The planet relocation was successfully cancelled."
t_ingame.php,layout.premium_building_half,"Do you want to reduce the construction time by 50% of the total construction time () for <b>750 Dark Matter<\/b>?"
t_ingame.php,layout.premium_building_full,"Do you want to immediately complete the construction order for <b>750 Dark Matter<\/b>?"
t_ingame.php,layout.premium_ships_half,"Do you want to reduce the construction time by 50% of the total construction time () for <b>750 Dark Matter<\/b>?"
t_ingame.php,layout.premium_ships_full,"Do you want to immediately complete the construction order for <b>750 Dark Matter<\/b>?"
t_ingame.php,layout.premium_research_half,"Do you want to reduce the research time by 50% of the total research time () for <b>750 Dark Matter<\/b>?"
t_ingame.php,layout.premium_research_full,"Do you want to immediately complete the research order for <b>750 Dark Matter<\/b>?"
t_ingame.php,layout.loca_error_not_enough_dm,"Not enough Dark Matter available! Do you want to buy some now?"
t_ingame.php,layout.loca_notice,Reference
t_ingame.php,layout.loca_planet_giveup,"Are you sure you want to abandon the planet %planetName% %planetCoordinates%?"
t_ingame.php,layout.loca_moon_giveup,"Are you sure you want to abandon the moon %planetName% %planetCoordinates%?"
t_ingame.php,layout.no_ships_in_wreck,"No ships in the wreck field."
t_ingame.php,layout.no_wreck_available,"No wreck field available."
t_ingame.php,highscore.player_highscore,"Player highscore"
t_ingame.php,highscore.alliance_highscore,"Alliance highscore"
t_ingame.php,highscore.own_position,"Own position"
t_ingame.php,highscore.own_position_hidden,"Own position (-)"
t_ingame.php,highscore.points,Points
t_ingame.php,highscore.military,Military
t_ingame.php,highscore.military_built,"Military points built"
t_ingame.php,highscore.military_destroyed,"Military points destroyed"
t_ingame.php,highscore.military_lost,"Military points lost"
t_ingame.php,highscore.honour_points,"Honour points"
t_ingame.php,highscore.position,Position
t_ingame.php,highscore.player_name_honour,"Player's Name (Honour points)"
t_ingame.php,highscore.member,Member
t_ingame.php,highscore.average_points,"Average points"
t_ingame.php,highscore.no_alliances_found,"No alliances found"
t_ingame.php,highscore.write_message,"Write message"
t_ingame.php,highscore.buddy_request,"Buddy request"
t_ingame.php,highscore.buddy_request_to,"Buddy request to"
t_ingame.php,highscore.total_ships,"Total ships"
t_ingame.php,highscore.buddy_request_sent,"Buddy request sent successfully!"
t_ingame.php,highscore.buddy_request_failed,"Failed to send buddy request."
t_ingame.php,highscore.are_you_sure_ignore,"Are you sure you want to ignore"
t_ingame.php,highscore.player_ignored,"Player ignored successfully!"
t_ingame.php,highscore.player_ignored_failed,"Failed to ignore player."
t_ingame.php,premium.your_officers,"Your officers"
t_ingame.php,premium.intro_text,"With your officers you can lead your empire to a size beyond your wildest dreams - all you need is some Dark Matter and your workers and advisers will work even harder!"
t_ingame.php,premium.info_dark_matter,"More information about: Dark Matter"
t_ingame.php,premium.info_commander,"More information about: Commander"
t_ingame.php,premium.info_admiral,"More information about: Admiral"
t_ingame.php,premium.info_engineer,"More information about: Engineer"
t_ingame.php,premium.info_geologist,"More information about: Geologist"
t_ingame.php,premium.info_technocrat,"More information about: Technocrat"
t_ingame.php,premium.info_commanding_staff,"More information about: Commanding Staff"
t_ingame.php,premium.hire_commander_tooltip,"Hire commander|+40 favorites, building queue, shortcuts, transport scanner, advertisement-free* <span style='font-size: 10px; line-height: 10px'>(*excludes: game related references)</span>"
t_ingame.php,premium.hire_admiral_tooltip,"Hire admiral|Max. fleet slots +2,
Max. expeditions +1,
Improved fleet escape rate,
Combat simulation save slots +20"
t_ingame.php,premium.hire_engineer_tooltip,"Hire engineer|Halves losses to defenses, +10% energy production"
t_ingame.php,premium.hire_geologist_tooltip,"Hire geologist|+10% mine production"
t_ingame.php,premium.hire_technocrat_tooltip,"Hire technocrat|+2 espionage levels, 25% less research time"
t_ingame.php,premium.remaining_officers,":current of :max"
t_ingame.php,premium.benefit_fleet_slots_title,"You can dispatch more fleets at the same time."
t_ingame.php,premium.benefit_fleet_slots,"Max. fleet slots +1"
t_ingame.php,premium.benefit_energy_title,"Your power stations and solar satellites produce 2% more energy."
t_ingame.php,premium.benefit_energy,"+2% energy production"
t_ingame.php,premium.benefit_mines_title,"Your mines produce 2% more."
t_ingame.php,premium.benefit_mines,"+2% mine production"
t_ingame.php,premium.benefit_espionage_title,"1 level will be added to your espionage research."
t_ingame.php,premium.benefit_espionage,"+1 espionage levels"
t_ingame.php,premium.dark_matter_title,"Dark Matter"
t_ingame.php,premium.dark_matter_label,"Dark Matter"
t_ingame.php,premium.no_dark_matter,"You have no Dark Matter available"
t_ingame.php,premium.dark_matter_description,"Dark Matter is a rare substance that can only be stored with great effort. It allows you to generate large amounts of energy. The process of obtaining Dark Matter is complex and risky, making it extremely valuable.<br><b>Only purchased Dark Matter that is still available can protect against account deletion!</b>"
t_ingame.php,premium.dark_matter_benefits,"Dark Matter allows you to hire Officers and Commanders, pay merchant offers, move planets, and purchase items."
t_ingame.php,premium.your_balance,"Your balance"
t_ingame.php,premium.active_until,"Active until :date"
t_ingame.php,premium.active_for_days,"Active for :days more days"
t_ingame.php,premium.not_active,"Not active"
t_ingame.php,premium.days,days
t_ingame.php,premium.dm,DM
t_ingame.php,premium.advantages,Advantages:
t_ingame.php,premium.buy_dark_matter,"Purchase Dark Matter"
t_ingame.php,premium.confirm_purchase,"Hire this officer for :days days at a cost of :cost Dark Matter?"
t_ingame.php,premium.insufficient_dark_matter,"You do not have enough Dark Matter."
t_ingame.php,premium.purchase_success,"Officer successfully activated!"
t_ingame.php,premium.purchase_error,"An error occurred. Please try again."
t_ingame.php,premium.officer_commander_title,Commander
t_ingame.php,premium.officer_commander_description,"The Commander has taken on an important role in modern wars. The streamlined command structure allows information to be processed more quickly. With the Commander you will be able to keep your entire empire under control!"
t_ingame.php,premium.officer_commander_benefits,"With the Commander you will have an overview of the entire empire, one additional mission slot, and the ability to set the order of looted resources."
t_ingame.php,premium.officer_commander_benefit_favourites,"Manage favourites across your empire"
t_ingame.php,premium.officer_commander_benefit_queue,"Additional build queue slot"
t_ingame.php,premium.officer_commander_benefit_scanner,"Empire overview scanner"
t_ingame.php,premium.officer_commander_benefit_ads,"No ads"
t_ingame.php,premium.officer_admiral_title,Admiral
t_ingame.php,premium.officer_admiral_description,"The Admiral is an experienced veteran and excellent strategist. Even in the fiercest battles, he maintains an overview and stays in contact with the admirals under his command."
t_ingame.php,premium.officer_admiral_benefits,"+1 expedition slot, ability to set resource priorities after an attack, +20 battle simulator save slots."
t_ingame.php,premium.officer_admiral_benefit_fleet_slots,"+1 fleet slot"
t_ingame.php,premium.officer_admiral_benefit_expeditions,"Set resource priorities after an attack"
t_ingame.php,premium.officer_admiral_benefit_escape,"Fleet escape mode"
t_ingame.php,premium.officer_admiral_benefit_save_slots,"+20 battle simulator save slots"
t_ingame.php,premium.officer_engineer_description,"The Engineer specialises in energy and defense management. In times of peace, he increases the energy produced by planets. In the event of an enemy attack, he reduces defense losses."
t_ingame.php,premium.officer_engineer_benefits,"+10% energy produced on all planets, 50% of destroyed defenses survive the battle."
t_ingame.php,premium.officer_engineer_benefit_defence,"50% of destroyed defenses survive the battle"
t_ingame.php,premium.officer_engineer_benefit_energy,"+10% energy produced on all planets"
t_ingame.php,premium.officer_geologist_description,"The Geologist is an expert in astromineralogy and crystallography. Using appropriate equipment, he is able to locate excellent deposits, increasing mine production."
t_ingame.php,premium.officer_geologist_benefits,"+10% production of metal, crystal and deuterium on all planets."
t_ingame.php,premium.officer_geologist_benefit_mines,"+10% production of metal, crystal and deuterium on all planets"
t_ingame.php,premium.officer_technocrat_title,Technocrat
t_ingame.php,premium.officer_technocrat_description,"The Technocrat cooperative is made up of brilliant scientists. No normal human being will ever try to decipher a technocrat's code; he inspires the empire's researchers with his mere presence."
t_ingame.php,premium.officer_technocrat_benefits,"-25% research time on all technologies."
t_ingame.php,premium.officer_technocrat_benefit_espionage,"Espionage level shown without probe"
t_ingame.php,premium.officer_technocrat_benefit_research,"-25% research time on all technologies"
t_ingame.php,premium.officer_all_officers_description,"With this package you will not only secure a specialist, but an entire command staff. You will benefit from all individual officer effects, as well as the extra advantages available only with the package."
t_ingame.php,premium.officer_all_officers_benefits,"All the benefits of Commander, Admiral, Engineer, Geologist and Technocrat, plus exclusive extra bonuses available only with the full package."
t_ingame.php,premium.officer_all_officers_benefit_fleet_slots,"All fleet slot bonuses"
t_ingame.php,premium.officer_all_officers_benefit_energy,"All energy bonuses"
t_ingame.php,premium.officer_all_officers_benefit_mines,"All mine production bonuses"
t_ingame.php,premium.officer_all_officers_benefit_espionage,"All espionage bonuses"
t_ingame.php,shop.tooltip_shop,"You can buy items here."
t_ingame.php,shop.tooltip_inventory,"You can get an overview of your purchased items here."
t_ingame.php,shop.category_special_offers,"Special offers"
t_ingame.php,shop.category_all,all
t_ingame.php,shop.category_buddy_items,"Buddy Items"
t_ingame.php,shop.category_construction,Construction
t_ingame.php,shop.btn_get_more_resources,"Get more resources"
t_ingame.php,shop.btn_purchase_dark_matter,"Purchase Dark Matter"
t_ingame.php,shop.feature_coming_soon,"Feature coming soon."
t_ingame.php,shop.tier_gold,Gold
t_ingame.php,shop.tier_silver,Silver
t_ingame.php,shop.tier_bronze,Bronze
t_ingame.php,shop.tooltip_duration,Duration
t_ingame.php,shop.duration_now,now
t_ingame.php,shop.tooltip_price,Price
t_ingame.php,shop.tooltip_in_inventory,"In Inventory"
t_ingame.php,shop.dark_matter,"Dark Matter"
t_ingame.php,shop.dm_abbreviation,DM
t_ingame.php,shop.item_duration,Duration
t_ingame.php,shop.now,now
t_ingame.php,shop.item_price,Price
t_ingame.php,shop.item_in_inventory,"In Inventory"
t_ingame.php,shop.loca_extend,Extend
t_ingame.php,shop.loca_buy_activate,"Buy and activate"
t_ingame.php,shop.loca_buy_extend,"Buy and extend"
t_ingame.php,shop.loca_buy_dm,"You don't have enough Dark Matter. Would you like to purchase some now?"
t_ingame.php,search.searching,Searching...
t_ingame.php,search.search_failed,"Search failed. Please try again."
t_ingame.php,search.no_results,"No results found"
t_ingame.php,search.player_name,"Player Name"
t_ingame.php,search.planet_name,"Planet Name"
t_ingame.php,search.tag,Tag
t_ingame.php,search.alliance_name,"Alliance name"
t_ingame.php,search.member,Member
t_ingame.php,search.points,Points
t_ingame.php,search.apply_for_alliance,"Apply for this alliance"
t_ingame.php,notes.no_notes_found,"No notes found"
t_ingame.php,notes.add_note,"Add note"
t_ingame.php,notes.new_note,"New note"
t_ingame.php,notes.subject_label,Subject
t_ingame.php,notes.date_label,Date
t_ingame.php,notes.edit_note,"Edit note"
t_ingame.php,notes.select_action,"Select action"
t_ingame.php,notes.delete_marked,"Delete marked"
t_ingame.php,notes.delete_all,"Delete all"
t_ingame.php,notes.unsaved_warning,"You have unsaved changes."
t_ingame.php,notes.save_question,"Do you want to save your changes?"
t_ingame.php,notes.your_subject,Subject
t_ingame.php,notes.subject_placeholder,"Enter subject..."
t_ingame.php,notes.priority_label,Priority
t_ingame.php,notes.priority_important,Important
t_ingame.php,notes.priority_normal,Normal
t_ingame.php,notes.priority_unimportant,"Not important"
t_ingame.php,notes.your_message,Message
t_ingame.php,planet_abandon.description,"Using this menu you can change planet names and moons or completely abandon them."
t_ingame.php,planet_abandon.rename_heading,Rename
t_ingame.php,planet_abandon.new_planet_name,"New planet name"
t_ingame.php,planet_abandon.new_moon_name,"New name of the moon"
t_ingame.php,planet_abandon.rename_btn,Rename
t_ingame.php,planet_abandon.tooltip_rename_planet,"You can rename your planet here.<br /><br />The planet name has to be between <span style=""font-weight: bold;"">2 and 20 characters</span> long.<br />Planet names may comprise of lower and upper case letters as well as numbers.<br />They may contain hyphens, underscores and spaces - however these may not be placed as follows:<br />- at the beginning or at the end of the name<br />- directly next to one another<br />- more than three times in the name"
t_ingame.php,planet_abandon.tooltip_rename_moon,"You can rename your moon here.<br /><br />The moon name has to be between <span style=""font-weight: bold;"">2 and 20 characters</span> long.<br />Moon names may comprise of lower and upper case letters as well as numbers.<br />They may contain hyphens, underscores and spaces - however these may not be placed as follows:<br />- at the beginning or at the end of the name<br />- directly next to one another<br />- more than three times in the name"
t_ingame.php,planet_abandon.abandon_home_planet,"Abandon home planet"
t_ingame.php,planet_abandon.abandon_moon,"Abandon Moon"
t_ingame.php,planet_abandon.abandon_colony,"Abandon Colony"
t_ingame.php,planet_abandon.abandon_home_planet_btn,"Abandon Home Planet"
t_ingame.php,planet_abandon.abandon_moon_btn,"Abandon moon"
t_ingame.php,planet_abandon.abandon_colony_btn,"Abandon Colony"
t_ingame.php,planet_abandon.home_planet_warning,"If you abandon your home planet, immediately upon your next login you will be directed to the planet that you colonised next."
t_ingame.php,planet_abandon.items_lost_moon,"If you have activated items on a moon, they will be lost if you abandon the moon."
t_ingame.php,planet_abandon.items_lost_planet,"If you have activated items on a planet, they will be lost if you abandon the planet."
t_ingame.php,planet_abandon.confirm_password,"Please confirm deletion of :type [:coordinates] by putting in your password"
t_ingame.php,planet_abandon.confirm_btn,Confirm
t_ingame.php,planet_abandon.type_moon,moon
t_ingame.php,planet_abandon.type_planet,planet
t_ingame.php,planet_abandon.validation_min_chars,"Not enough characters"
t_ingame.php,planet_abandon.validation_pw_min,"The entered password is too short (min. 4 characters)"
t_ingame.php,planet_abandon.validation_pw_max,"The entered password is too long (max. 20 characters)"
t_ingame.php,planet_abandon.validation_email,"You need to enter a valid email address!"
t_ingame.php,planet_abandon.validation_special,"Contains invalid characters."
t_ingame.php,planet_abandon.validation_underscore,"Your name may not start or end with an underscore."
t_ingame.php,planet_abandon.validation_hyphen,"Your name may not start or finish with a hyphen."
t_ingame.php,planet_abandon.validation_space,"Your name may not start or end with a space."
t_ingame.php,planet_abandon.validation_max_underscores,"Your name may not contain more than 3 underscores in total."
t_ingame.php,planet_abandon.validation_max_hyphens,"Your name may not contain more than 3 hyphens."
t_ingame.php,planet_abandon.validation_max_spaces,"Your name may not include more than 3 spaces in total."
t_ingame.php,planet_abandon.validation_consec_underscores,"You may not use two or more underscores one after the other."
t_ingame.php,planet_abandon.validation_consec_hyphens,"You may not use two or more hyphens consecutively."
t_ingame.php,planet_abandon.validation_consec_spaces,"You may not use two or more spaces one after the other."
t_ingame.php,planet_abandon.msg_invalid_planet_name,"The new planet name is invalid. Please try again."
t_ingame.php,planet_abandon.msg_invalid_moon_name,"The new moon name is invalid. Please try again."
t_ingame.php,planet_abandon.msg_planet_renamed,"Planet renamed successfully."
t_ingame.php,planet_abandon.msg_moon_renamed,"Moon renamed successfully."
t_ingame.php,planet_abandon.msg_wrong_password,"Wrong password!"
t_ingame.php,planet_abandon.msg_confirm_title,Confirm
t_ingame.php,planet_abandon.msg_confirm_deletion,"If you confirm the deletion of the :type [:coordinates] (:name), all buildings, ships and defense systems that are located on that :type will be removed from your account. If you have items active on your :type, these will also be lost when you give up the :type. This process cannot be reversed!"
t_ingame.php,planet_abandon.msg_reference,Reference
t_ingame.php,planet_abandon.msg_abandoned,":type has been abandoned successfully!"
t_ingame.php,planet_abandon.msg_yes,Yes
t_ingame.php,planet_abandon.msg_no,No
t_ingame.php,planet_abandon.msg_ok,Ok
t_ingame.php,ajax_object.open_techtree,"Open Technology Tree"
t_ingame.php,ajax_object.techtree,"Technology Tree"
t_ingame.php,ajax_object.no_requirements,"No requirements"
t_ingame.php,ajax_object.cancel_expansion_confirm,"Do you want to cancel the expansion of :name to level :level?"
t_ingame.php,ajax_object.number,Number
t_ingame.php,ajax_object.level,Level
t_ingame.php,ajax_object.production_duration,"Production time"
t_ingame.php,ajax_object.energy_needed,"Energy required"
t_ingame.php,ajax_object.production,Production
t_ingame.php,ajax_object.costs_per_piece,"Costs per unit"
t_ingame.php,ajax_object.required_to_improve,"Required to upgrade to level"
t_ingame.php,ajax_object.deconstruction_costs,"Demolition costs"
t_ingame.php,ajax_object.ion_technology_bonus,"Ion technology bonus"
t_ingame.php,ajax_object.duration,Duration
t_ingame.php,ajax_object.number_label,Amount
t_ingame.php,ajax_object.max_btn,"Max. :amount"
t_ingame.php,ajax_object.vacation_mode,"You are currently in vacation mode."
t_ingame.php,ajax_object.tear_down_btn,Demolish
t_ingame.php,ajax_object.wrong_character_class,"Wrong character class!"
t_ingame.php,ajax_object.shipyard_upgrading,"Shipyard is being upgraded."
t_ingame.php,ajax_object.shipyard_busy,"The shipyard is currently busy."
t_ingame.php,ajax_object.not_enough_fields,"Not enough planet fields!"
t_ingame.php,ajax_object.build,Build
t_ingame.php,ajax_object.in_queue,"In queue"
t_ingame.php,ajax_object.improve,Upgrade
t_ingame.php,ajax_object.gain_resources,"Gain resources"
t_ingame.php,ajax_object.view_offers,"View offers"
t_ingame.php,ajax_object.destroy_rockets_desc,"Here you can destroy stored missiles."
t_ingame.php,ajax_object.destroy_rockets_btn,"Destroy missiles"
t_ingame.php,ajax_object.error,Error
t_ingame.php,ajax_object.commander_queue_info,"You need a Commander to use the building queue. Would you like to learn more about the Commander's advantages?"
t_ingame.php,ajax_object.no_rocket_silo_capacity,"Not enough space in the missile silo."
t_ingame.php,ajax_object.detail_now,Details
t_ingame.php,ajax_object.start_with_dm,"Start with Dark Matter"
t_ingame.php,ajax_object.err_dm_price_too_low,"The Dark Matter price is too low."
t_ingame.php,ajax_object.err_resource_limit,"Resource limit exceeded."
t_ingame.php,ajax_object.err_storage_capacity,"Insufficient storage capacity."
t_ingame.php,ajax_object.err_no_dark_matter,"Not enough Dark Matter."
t_ingame.php,buildqueue.building_duration,"Build time"
t_ingame.php,buildqueue.total_time,"Total time"
t_ingame.php,buildqueue.complete_tooltip,"Complete this build instantly with Dark Matter"
t_ingame.php,buildqueue.complete,"Complete now"
t_ingame.php,buildqueue.halve_cost,:amount
t_ingame.php,buildqueue.halve_tooltip_building,"Halve the remaining build time with Dark Matter"
t_ingame.php,buildqueue.halve_tooltip_research,"Halve the remaining research time with Dark Matter"
t_ingame.php,buildqueue.halve_time,"Halve time"
t_ingame.php,buildqueue.question_complete_unit,"Do you want to complete this unit build immediately for :dm_cost Dark Matter?"
t_ingame.php,buildqueue.question_halve_unit,"Do you want to reduce the build time by :time_reduction for :dm_cost?"
t_ingame.php,buildqueue.question_halve_building,"Do you want to halve the building time for :dm_cost?"
t_ingame.php,buildqueue.question_halve_research,"Do you want to halve the research time for :dm_cost?"
t_ingame.php,buildqueue.downgrade_to,"Downgrade to"
t_ingame.php,buildqueue.improve_to,"Upgrade to"
t_ingame.php,buildqueue.no_building_idle,"No building is currently under construction."
t_ingame.php,buildqueue.no_building_idle_tooltip,"Click to go to the Buildings page."
t_ingame.php,buildqueue.no_research_idle,"No research is currently being conducted."
t_ingame.php,buildqueue.no_research_idle_tooltip,"Click to go to the Research page."
t_ingame.php,chat.buddy_tooltip,Buddy
t_ingame.php,chat.alliance_tooltip,"Alliance member"
t_ingame.php,chat.status_offline,Offline
t_ingame.php,chat.status_not_visible,"Status not visible"
t_ingame.php,chat.highscore_ranking,"Rank: :rank"
t_ingame.php,chat.alliance_label,"Alliance: :alliance"
t_ingame.php,chat.no_messages_yet,"No messages yet."
t_ingame.php,chat.alliance_chat,"Alliance Chat"
t_ingame.php,chat.list_title,Conversations
t_ingame.php,chat.player_list,Players
t_ingame.php,chat.no_buddies,"No buddies yet."
t_ingame.php,chat.strangers,"Other players"
t_ingame.php,chat.no_strangers,"No other players."
t_ingame.php,chat.no_conversations,"No conversations yet."
t_ingame.php,jumpgate.select_target,"Select target"
t_ingame.php,jumpgate.origin_coordinates,Origin
t_ingame.php,jumpgate.standard_target,"Standard target"
t_ingame.php,jumpgate.target_coordinates,"Target coordinates"
t_ingame.php,jumpgate.not_ready,"Jump gate is not ready."
t_ingame.php,jumpgate.cooldown_time,Cooldown
t_ingame.php,jumpgate.select_ships,"Select ships"
t_ingame.php,jumpgate.select_all,"Select all"
t_ingame.php,jumpgate.reset_selection,"Reset selection"
t_ingame.php,jumpgate.jump_btn,Jump
t_ingame.php,jumpgate.ok_btn,OK
t_ingame.php,jumpgate.valid_target,"Please select a valid target."
t_ingame.php,jumpgate.no_ships,"Please select at least one ship."
t_ingame.php,jumpgate.jump_success,"Jump executed successfully."
t_ingame.php,jumpgate.jump_error,"Jump failed."
t_ingame.php,jumpgate.error_occurred,"An error occurred."
t_ingame.php,serversettings_overlay.acs_enabled,"Alliance combat system"
t_ingame.php,serversettings_overlay.dm_bonus,"Dark Matter bonus:"
t_ingame.php,serversettings_overlay.debris_defense,"Debris from defenses:"
t_ingame.php,serversettings_overlay.debris_ships,"Debris from ships:"
t_ingame.php,serversettings_overlay.debris_deuterium,"Deuterium in debris fields"
t_ingame.php,serversettings_overlay.fleet_deut_reduction,"Fleet deuterium reduction:"
t_ingame.php,serversettings_overlay.fleet_speed_war,"Fleet speed (war):"
t_ingame.php,serversettings_overlay.fleet_speed_holding,"Fleet speed (holding):"
t_ingame.php,serversettings_overlay.fleet_speed_peace,"Fleet speed (peace):"
t_ingame.php,serversettings_overlay.ignore_empty,"Ignore empty systems"
t_ingame.php,serversettings_overlay.ignore_inactive,"Ignore inactive systems"
t_ingame.php,serversettings_overlay.num_galaxies,"Number of galaxies:"
t_ingame.php,serversettings_overlay.planet_field_bonus,"Planet field bonus:"
t_ingame.php,serversettings_overlay.dev_speed,"Economy speed:"
t_ingame.php,serversettings_overlay.research_speed,"Research speed:"
t_ingame.php,serversettings_overlay.dm_regen_enabled,"Dark Matter regeneration"
t_ingame.php,serversettings_overlay.dm_regen_amount,"DM regen amount:"
t_ingame.php,serversettings_overlay.dm_regen_period,"DM regen period:"
t_ingame.php,serversettings_overlay.days,days
t_ingame.php,alliance_depot.description,"The Alliance Depot allows allied fleets in orbit to refuel while defending your planet. Each level provides 10,000 deuterium per hour."
t_ingame.php,alliance_depot.capacity,Capacity
t_ingame.php,alliance_depot.no_fleets,"No allied fleets currently in orbit."
t_ingame.php,alliance_depot.fleet_owner,"Fleet owner"
t_ingame.php,alliance_depot.ships,Ships
t_ingame.php,alliance_depot.hold_time,"Hold time"
t_ingame.php,alliance_depot.extend,"Extend (hours)"
t_ingame.php,alliance_depot.supply_cost,"Supply cost (deuterium)"
t_ingame.php,alliance_depot.start_supply,"Supply fleet"
t_ingame.php,alliance_depot.please_select_fleet,"Please select a fleet."
t_ingame.php,alliance_depot.hours_between,"Hours must be between 1 and 32."
t_ingame.php,admin.server_admin_label,"Server admin"
t_ingame.php,admin.masquerading_as,"Masquerading as user"
t_ingame.php,admin.exit_masquerade,"Exit masquerade"
t_ingame.php,admin.menu_dev_shortcuts,"Developer shortcuts"
t_ingame.php,admin.menu_server_settings,"Server settings"
t_ingame.php,admin.menu_rules_legal,"Rules & Legal"
t_ingame.php,admin.section_basic,"Basic Settings"
t_ingame.php,admin.section_changes_note,"Note: most changes require a server restart to take effect."
t_ingame.php,admin.section_income_note,"Note: income values are added to base production."
t_ingame.php,admin.section_new_player,"New Player Settings"
t_ingame.php,admin.section_dm_regen,"Dark Matter Regeneration"
t_ingame.php,admin.section_relocation,"Planet Relocation"
t_ingame.php,admin.section_alliance,"Alliance Settings"
t_ingame.php,admin.section_battle,"Battle Settings"
t_ingame.php,admin.section_expedition,"Expedition Settings"
t_ingame.php,admin.section_expedition_slots,"Expedition Slots"
t_ingame.php,admin.section_expedition_weights,"Expedition Outcome Weights"
t_ingame.php,admin.section_highscore,"Highscore Settings"
t_ingame.php,admin.section_galaxy,"Galaxy Settings"
t_ingame.php,admin.universe_name,"Universe name"
t_ingame.php,admin.economy_speed,"Economy speed"
t_ingame.php,admin.research_speed,"Research speed"
t_ingame.php,admin.fleet_speed_war,"Fleet speed (war)"
t_ingame.php,admin.fleet_speed_holding,"Fleet speed (holding)"
t_ingame.php,admin.fleet_speed_peaceful,"Fleet speed (peace)"
t_ingame.php,admin.planet_fields_bonus,"Planet fields bonus"
t_ingame.php,admin.income_metal,"Metal basic income"
t_ingame.php,admin.income_crystal,"Crystal basic income"
t_ingame.php,admin.income_deuterium,"Deuterium basic income"
t_ingame.php,admin.income_energy,"Energy basic income"
t_ingame.php,admin.registration_planet_amount,"Starting planets"
t_ingame.php,admin.dm_bonus,"Starting Dark Matter bonus"
t_ingame.php,admin.dm_regen_description,"If enabled, players will receive Dark Matter every X days."
t_ingame.php,admin.dm_regen_enabled,"Enable DM regeneration"
t_ingame.php,admin.dm_regen_amount,"DM amount per period"
t_ingame.php,admin.dm_regen_period,"Regeneration period (seconds)"
t_ingame.php,admin.relocation_cost,"Relocation cost (Dark Matter)"
t_ingame.php,admin.relocation_duration,"Relocation duration (hours)"
t_ingame.php,admin.alliance_cooldown,"Alliance join cooldown (days)"
t_ingame.php,admin.alliance_cooldown_desc,"Number of days a player must wait after leaving an alliance before joining another."
t_ingame.php,admin.battle_engine,"Battle engine"
t_ingame.php,admin.battle_engine_desc,"Select the battle engine to use for combat calculations."
t_ingame.php,admin.acs,"Alliance Combat System (ACS)"
t_ingame.php,admin.debris_ships,"Debris from ships (%)"
t_ingame.php,admin.debris_defense,"Debris from defenses (%)"
t_ingame.php,admin.debris_deuterium,"Deuterium in debris fields"
t_ingame.php,admin.moon_chance,"Moon creation chance (%)"
t_ingame.php,admin.hamill_probability,"Hamill probability (%)"
t_ingame.php,admin.wreck_min_resources,"Wreck field minimum resources"
t_ingame.php,admin.wreck_min_resources_desc,"Minimum total resources in the destroyed fleet for a wreck field to be created."
t_ingame.php,admin.wreck_min_fleet_pct,"Wreck field minimum fleet percentage (%)"
t_ingame.php,admin.wreck_min_fleet_pct_desc,"Minimum percentage of the attacker's fleet that must be destroyed for a wreck field to be created."
t_ingame.php,admin.wreck_lifetime,"Wreck field lifetime (seconds)"
t_ingame.php,admin.wreck_lifetime_desc,"How long a wreck field remains before disappearing."
t_ingame.php,admin.wreck_repair_max,"Wreck maximum repair percentage (%)"
t_ingame.php,admin.wreck_repair_max_desc,"Maximum percentage of destroyed ships that can be repaired from a wreck field."
t_ingame.php,admin.wreck_repair_min,"Wreck minimum repair percentage (%)"
t_ingame.php,admin.wreck_repair_min_desc,"Minimum percentage of destroyed ships that can be repaired from a wreck field."
t_ingame.php,admin.expedition_slots_desc,"Maximum number of simultaneous expedition fleets."
t_ingame.php,admin.expedition_bonus_slots,"Expedition bonus slots"
t_ingame.php,admin.expedition_multiplier_res,"Resource multiplier"
t_ingame.php,admin.expedition_multiplier_ships,"Ships multiplier"
t_ingame.php,admin.expedition_multiplier_dm,"Dark Matter multiplier"
t_ingame.php,admin.expedition_multiplier_items,"Items multiplier"
t_ingame.php,admin.expedition_weights_desc,"Relative probability weights for expedition outcomes. Higher values increase probability."
t_ingame.php,admin.expedition_weights_defaults,"Reset to defaults"
t_ingame.php,admin.expedition_weights_values,"Current weights"
t_ingame.php,admin.weight_ships,"Ships found"
t_ingame.php,admin.weight_resources,"Resources found"
t_ingame.php,admin.weight_delay,Delay
t_ingame.php,admin.weight_speedup,"Speed boost"
t_ingame.php,admin.weight_nothing,Nothing
t_ingame.php,admin.weight_black_hole,"Black hole"
t_ingame.php,admin.weight_pirates,Pirates
t_ingame.php,admin.weight_aliens,Aliens
t_ingame.php,admin.weight_dm,"Dark Matter"
t_ingame.php,admin.highscore_admin_visible,"Show admin in highscore"
t_ingame.php,admin.highscore_admin_visible_desc,"If enabled, admin accounts will appear in the highscore."
t_ingame.php,admin.galaxy_ignore_empty,"Ignore empty systems in galaxy view"
t_ingame.php,admin.galaxy_ignore_inactive,"Ignore inactive systems in galaxy view"
t_ingame.php,admin.galaxy_count,"Number of galaxies"
t_ingame.php,admin.save,"Save settings"
t_ingame.php,admin.dev_title,"Developer Tools"
t_ingame.php,admin.dev_masquerade,"Masquerade as user"
t_ingame.php,admin.dev_username,Username
t_ingame.php,admin.dev_username_placeholder,"Enter username..."
t_ingame.php,admin.dev_masquerade_btn,Masquerade
t_ingame.php,admin.dev_update_planet,"Update planet resources"
t_ingame.php,admin.dev_set_mines,"Set mines (max)"
t_ingame.php,admin.dev_set_storages,"Set storages (max)"
t_ingame.php,admin.dev_set_shipyard,"Set shipyard (max)"
t_ingame.php,admin.dev_set_research,"Set research (max)"
t_ingame.php,admin.dev_add_units,"Add units"
t_ingame.php,admin.dev_units_amount,Amount
t_ingame.php,admin.dev_light_fighter,"Light Fighters"
t_ingame.php,admin.dev_set_building,"Set building level"
t_ingame.php,admin.dev_level_to_set,Level
t_ingame.php,admin.dev_set_research_level,"Set research level"
t_ingame.php,admin.dev_class_settings,"Character class"
t_ingame.php,admin.dev_disable_free_class,"Disable free class change"
t_ingame.php,admin.dev_enable_free_class,"Enable free class change"
t_ingame.php,admin.dev_reset_class,"Reset class"
t_ingame.php,admin.dev_goto_class,"Go to class page"
t_ingame.php,admin.dev_reset_planet,"Reset planet"
t_ingame.php,admin.dev_reset_buildings,"Reset buildings"
t_ingame.php,admin.dev_reset_research,"Reset research"
t_ingame.php,admin.dev_reset_units,"Reset units"
t_ingame.php,admin.dev_reset_resources,"Reset resources"
t_ingame.php,admin.dev_add_resources,"Add resources"
t_ingame.php,admin.dev_resources_desc,"Add maximum resources to the current planet."
t_ingame.php,admin.dev_position,Position
t_ingame.php,admin.dev_update_resources_planet,"Update planet resources"
t_ingame.php,admin.dev_update_resources_moon,"Update moon resources"
t_ingame.php,admin.dev_create_planet_moon,"Create planet / moon"
t_ingame.php,admin.dev_moon_size,"Moon size"
t_ingame.php,admin.dev_debris_amount,"Debris amount"
t_ingame.php,admin.dev_x_factor,"X factor"
t_ingame.php,admin.dev_create_planet,"Create planet"
t_ingame.php,admin.dev_create_moon,"Create moon"
t_ingame.php,admin.dev_delete_planet,"Delete planet"
t_ingame.php,admin.dev_delete_moon,"Delete moon"
t_ingame.php,admin.dev_create_debris,"Create debris field"
t_ingame.php,admin.dev_debris_resources_label,"Resources in debris field"
t_ingame.php,admin.dev_create_debris_btn,"Create debris"
t_ingame.php,admin.dev_delete_debris_btn,"Delete debris"
t_ingame.php,admin.dev_quick_shortcut_desc,"Quick shortcuts for development and testing."
t_ingame.php,admin.dev_create_expedition_debris,"Create expedition debris"
t_ingame.php,admin.dev_add_dm,"Add Dark Matter"
t_ingame.php,admin.dev_dm_desc,"Add Dark Matter to the current player account."
t_ingame.php,admin.dev_dm_amount,Amount
t_ingame.php,admin.dev_update_dm,"Add Dark Matter"
t_ingame.php,characterclass.select_for_free,"Select for Free"
t_ingame.php,characterclass.buy_for,"Buy for"
t_ingame.php,characterclass.deactivate,Deactivate
t_ingame.php,characterclass.confirm,Confirm
t_ingame.php,characterclass.cancel,Cancel
t_ingame.php,characterclass.select_title,"Select Character Class"
t_ingame.php,characterclass.deactivate_title,"Deactivate Character Class"
t_ingame.php,characterclass.activated_free_msg,"Do you want to activate the :className class for free?"
t_ingame.php,characterclass.activated_paid_msg,"Do you want to activate the :className class for :price Dark Matter? In doing so, you will lose your current class."
t_ingame.php,characterclass.deactivate_confirm_msg,"Do you really want to deactivate your character class? Reactivation requires :price Dark Matter."
t_ingame.php,characterclass.success_selected,"Character class selected successfully!"
t_ingame.php,characterclass.success_deactivated,"Character class deactivated successfully!"
t_ingame.php,characterclass.not_enough_dm_title,"Not enough Dark Matter"
t_ingame.php,characterclass.not_enough_dm_msg,"Not enough Dark Matter available! Do you want to buy some now?"
t_ingame.php,characterclass.buy_dm,"Buy Dark Matter"
t_ingame.php,characterclass.error_generic,"An error occurred. Please try again."
t_ingame.php,rewards.hint_tooltip,"Rewards will be dispatched every day and can be collected manually. From the 7th day on, no further rewards will be sent out. The first reward will be given on the 2nd day of registration."
t_ingame.php,rewards.new_awards,"New awards"
t_ingame.php,rewards.not_yet_reached,"Awards not yet reached"
t_ingame.php,rewards.not_fulfilled,"Not fulfilled"
t_ingame.php,rewards.collected_awards,"Collected awards"
t_ingame.php,rewards.claim,Claim
t_ingame.php,phalanx.no_movements,"No fleet movements detected at this location."
t_ingame.php,phalanx.fleet_details,"Fleet details"
t_ingame.php,phalanx.ships,Ships
t_ingame.php,phalanx.loading,Loading...
t_ingame.php,phalanx.time_label,Time
t_ingame.php,phalanx.speed_label,Speed
t_ingame.php,wreckage.no_wreckage,"There is no wreckage at this position."
t_ingame.php,wreckage.burns_up_in,"Wreckage burns up in:"
t_ingame.php,wreckage.leave_to_burn,"Leave to burn up"
t_ingame.php,wreckage.leave_confirm,"The wreckage will descend into the planet`s atmosphere and burn up. Are you sure?"
t_ingame.php,wreckage.repair_time,"Repair time:"
t_ingame.php,wreckage.ships_being_repaired,"Ships being repaired:"
t_ingame.php,wreckage.repair_time_remaining,"Repair time remaining:"
t_ingame.php,wreckage.no_ship_data,"No ship data available"
t_ingame.php,wreckage.collect,Collect
t_ingame.php,wreckage.start_repairs,"Start repairs"
t_ingame.php,wreckage.err_network_start,"Network error starting repairs"
t_ingame.php,wreckage.err_network_complete,"Network error completing repairs"
t_ingame.php,wreckage.err_network_collect,"Network error collecting ships"
t_ingame.php,wreckage.err_network_burn,"Network error burning wreck field"
t_ingame.php,wreckage.err_burn_up,"Error burning up wreck field"
t_ingame.php,wreckage.wreckage_label,Wreckage
t_ingame.php,wreckage.repairs_started,"Repairs started successfully!"
t_ingame.php,wreckage.repairs_completed,"Repairs completed and ships collected successfully!"
t_ingame.php,wreckage.ships_back_service,"All ships have been put back into service"
t_ingame.php,wreckage.wreck_burned,"Wreck field burned successfully!"
t_ingame.php,wreckage.err_start_repairs,"Error starting repairs"
t_ingame.php,wreckage.err_complete_repairs,"Error completing repairs"
t_ingame.php,wreckage.err_collect_ships,"Error collecting ships"
t_ingame.php,wreckage.err_burn_wreck,"Error burning wreck field"
t_ingame.php,wreckage.can_be_repaired,"Wreckages can be repaired in the Space Dock."
t_ingame.php,wreckage.collect_back_service,"Put ships that are already repaired back into service"
t_ingame.php,wreckage.auto_return_service,"Your last ships will be automatically returned to service on"
t_ingame.php,wreckage.no_ships_for_repair,"No ships available for repair"
t_ingame.php,wreckage.repairable_ships,"Repairable Ships:"
t_ingame.php,wreckage.repaired_ships,"Repaired Ships:"
t_ingame.php,wreckage.ships_count,Ships
t_ingame.php,wreckage.details,Details
t_ingame.php,wreckage.tooltip_late_added,"Ships added during ongoing repairs cannot be collected manually. You must wait until all repairs are automatically completed."
t_ingame.php,wreckage.tooltip_in_progress,"Repairs are still in progress. Use the Details window for partial collection."
t_ingame.php,wreckage.tooltip_no_repaired,"No ships repaired yet"
t_ingame.php,wreckage.tooltip_must_complete,"Repairs must be completed to collect ships from here."
t_ingame.php,wreckage.burn_confirm_title,"Leave to burn up"
t_ingame.php,wreckage.burn_confirm_msg,"The wreckage will descend into the planet's atmosphere and burn up. Once struck, a repair will no longer be possible. Are you sure you want to burn up the wreckage?"
t_ingame.php,wreckage.burn_confirm_yes,yes
t_ingame.php,wreckage.burn_confirm_no,No
t_ingame.php,fleet_templates.err_name_required,"Template name is required."
t_ingame.php,fleet_templates.err_need_ships,"Template must contain at least one ship."
t_ingame.php,fleet_templates.err_not_found,"Template not found."
t_ingame.php,fleet_templates.err_max_reached,"Maximum number of templates reached (10)."
t_ingame.php,fleet_templates.saved_success,"Template saved successfully."
t_ingame.php,fleet_templates.deleted_success,"Template deleted successfully."
t_ingame.php,fleet_events.events,Events
t_ingame.php,fleet_events.recall_title,Recall
t_ingame.php,fleet_events.recall_fleet,"Recall fleet"
t_layout.php,player,Player
t_merchant.php,free_storage_capacity,"Free storage capacity"
t_merchant.php,being_sold,"Being sold"
t_merchant.php,get_new_exchange_rate,"Get new exchange rate!"
t_merchant.php,exchange_maximum_amount,"Exchange maximum amount"
t_merchant.php,trader_delivery_notice,"A trader only delivers as much resources as there is free storage capacity."
t_merchant.php,trade_resources,"Trade resources!"
t_merchant.php,new_exchange_rate,"New exchange rate"
t_merchant.php,no_merchant_available,"No merchant available."
t_merchant.php,no_merchant_available_h2,"No merchant available"
t_merchant.php,please_call_merchant,"Please call a merchant from the Resource Market page."
t_merchant.php,back_to_resource_market,"Back to Resource Market"
t_merchant.php,please_select_resource,"Please select a resource to receive."
t_merchant.php,not_enough_resources,"You don't have enough resources to trade."
t_merchant.php,trade_completed_success,"Trade completed successfully!"
t_merchant.php,trade_failed,"Trade failed."
t_merchant.php,error_retry,"An error occurred. Please try again."
t_merchant.php,new_rate_confirmation,"Do you want to get a new exchange rate for 3,500 Dark Matter? This will replace your current merchant."
t_merchant.php,merchant_called_success,"New merchant called successfully!"
t_merchant.php,failed_to_call,"Failed to call merchant."
t_merchant.php,trader_buying,"There is a trader here buying"
t_merchant.php,sell_metal_tooltip,"Metal|Sell your Metal and get Crystal or Deuterium.<p>Costs: 3,500 Dark Matter</p>."
t_merchant.php,sell_crystal_tooltip,"Crystal|Sell your Crystal and get Metal or Deuterium.<p>Costs: 3,500 Dark Matter</p>."
t_merchant.php,sell_deuterium_tooltip,"Deuterium|Sell your Deuterium and get Metal or Crystal.<p>Costs: 3,500 Dark Matter</p>."
t_merchant.php,insufficient_dm_call,"Insufficient dark matter. You need :cost dark matter to call a merchant."
t_merchant.php,merchant_calls,"Merchant Calls"
t_merchant.php,available_this_week,"Available this week"
t_merchant.php,includes_expedition_bonus,"Includes expedition merchant bonus"
t_merchant.php,metal_merchant,"Metal Merchant"
t_merchant.php,crystal_merchant,"Crystal Merchant"
t_merchant.php,deuterium_merchant,"Deuterium Merchant"
t_merchant.php,auctioneer,Auctioneer
t_merchant.php,import_export,"Import / Export"
t_merchant.php,coming_soon,"Coming soon"
t_merchant.php,trade_metal_desc,"Trade Metal for Crystal or Deuterium"
t_merchant.php,trade_crystal_desc,"Trade Crystal for Metal or Deuterium"
t_merchant.php,trade_deuterium_desc,"Trade Deuterium for Metal or Crystal"
t_merchant.php,call_merchant_desc,"Call a :type merchant to trade your :resource for other resources."
t_merchant.php,merchant_fee_warning,"The merchant offers unfavorable exchange rates (including a merchant fee), but allows you to quickly convert surplus resources."
t_merchant.php,remaining_calls_this_week,"Remaining calls this week"
t_merchant.php,call_merchant_title,"Call Merchant"
t_merchant.php,call_merchant,"Call merchant"
t_merchant.php,no_calls_remaining,"You have no merchant calls remaining this week."
t_merchant.php,merchant_trade_rates,"Merchant Trade Rates"
t_merchant.php,exchange_resource_desc,"Exchange your :resource for other resources at the following rates:"
t_merchant.php,exchange_rate,"Exchange rate"
t_merchant.php,amount_to_trade,"Amount of :resource to trade:"
t_merchant.php,trade_title,Trade
t_merchant.php,trade,trade
t_merchant.php,dismiss_merchant,"Dismiss Merchant"
t_merchant.php,merchant_leave_notice,"(The merchant will leave after one trade or if dismissed)"
t_merchant.php,calling,Calling...
t_merchant.php,calling_merchant,"Calling merchant..."
t_merchant.php,error_occurred,"An error occurred"
t_merchant.php,enter_valid_amount,"Please enter a valid amount"
t_merchant.php,trade_confirmation,"Trade :give :giveType for :receive :receiveType?"
t_merchant.php,trading,Trading...
t_merchant.php,trade_successful,"Trade successful!"
t_merchant.php,traded_resources,"Traded :given for :received"
t_merchant.php,dismiss_confirmation,"Are you sure you want to dismiss the merchant?"
t_merchant.php,you_will_receive,"You will receive"
t_merchant.php,exchange_resources_desc,"You can exchange resources for other resources here."
t_merchant.php,auctioneer_desc,"Items are offered here daily and can be purchased using resources."
t_merchant.php,import_export_desc,"Containers with unknown contents are sold here for resources every day."
t_merchant.php,exchange_resources,"Exchange resources"
t_merchant.php,exchange_your_resources,"Exchange your resources."
t_merchant.php,step_one_exchange,"1. Exchange your resources."
t_merchant.php,step_two_call,"2. Call merchant"
t_merchant.php,sell_metal_desc,"Sell your Metal and get Crystal or Deuterium."
t_merchant.php,sell_crystal_desc,"Sell your Crystal and get Metal or Deuterium."
t_merchant.php,sell_deuterium_desc,"Sell your Deuterium and get Metal or Crystal."
t_merchant.php,costs,Costs:
t_merchant.php,already_paid,"Already paid"
t_merchant.php,dark_matter,"Dark Matter"
t_merchant.php,per_call,"per call"
t_merchant.php,trade_tooltip,"Trade|Trade your resources at the agreed price"
t_merchant.php,get_more_resources,"Get more resources"
t_merchant.php,buy_daily_production,"Buy a daily production directly from the merchant"
t_merchant.php,daily_production_desc,"Here you can have the resource storage of your planets directly refilled by up to one daily production."
t_merchant.php,notices,Notices:
t_merchant.php,notice_max_production,"You are offered a maximum of one complete daily production equal to the total production of all your planets by default."
t_merchant.php,notice_min_amount,"If your daily production of a resource is less than 10000, you will be offered at least this amount."
t_merchant.php,notice_storage_capacity,"You must have enough free storage capacity on the active planet or moon for the purchased resources. Otherwise the surplus resources are lost."
t_merchant.php,scrap_merchant,"Scrap Merchant"
t_merchant.php,scrap_merchant_desc,"The scrap merchant accepts used ships and defence systems."
t_merchant.php,scrap_rules,"Rules|Usually the scrap merchant will pay back 35% of the construction costs of ships and defence systems. However you can only receive as many resources back as you have space for in your storage.<br /><br />With the help of Dark Matter you can renegotiate. In doing so, the percentage of the construction costs that the scrap merchant pays you will increase by 5 - 14%. Each round of negotiations are 2,000 Dark Matter more expensive than the last. The scrap merchant will pay out no more than 75% of the construction costs."
t_merchant.php,offer,Offer
t_merchant.php,scrap_merchant_quote,"You won`t get a better offer in any other galaxy."
t_merchant.php,bargain,Bargain
t_merchant.php,objects_to_be_scrapped,"Objects to be scrapped"
t_merchant.php,ships,Ships
t_merchant.php,no_defensive_structures,"No defensive structures available"
t_merchant.php,select_all,"Select all"
t_merchant.php,reset_choice,"Reset choice"
t_merchant.php,scrap,Scrap
t_merchant.php,select_items_to_scrap,"Please select items to scrap."
t_merchant.php,scrap_confirmation,"Do you really want to scrap the following ships/defensive structures?"
t_merchant.php,yes,yes
t_merchant.php,no,No
t_merchant.php,unknown_item,"Unknown Item"
t_merchant.php,offer_at_maximum,"The offer is already at maximum!"
t_merchant.php,insufficient_dark_matter_bargain,"Insufficient dark matter!"
t_merchant.php,not_enough_dark_matter,"Not enough Dark Matter available!"
t_merchant.php,negotiation_successful,"Negotiation successful!"
t_merchant.php,scrap_message_1,"Okay, thanks, bye, next!"
t_merchant.php,scrap_message_2,"Doing business with you is going to ruin me!"
t_merchant.php,scrap_message_3,"There'd be a few percent more were it not for the bullet holes."
t_merchant.php,error.scrap.not_enough_item,"Not enough :item available."
t_merchant.php,error.scrap.storage_insufficient,"The space in the storage was not large enough, so the number of :item was reduced to :amount"
t_merchant.php,error.scrap.no_storage_space,"No storage space available for scrapping."
t_merchant.php,error.scrap.no_items_selected,"No items selected."
t_merchant.php,error.scrap.offer_at_maximum,"Offer is already at maximum (75%)."
t_merchant.php,error.scrap.insufficient_dark_matter,"Insufficient dark matter."
t_merchant.php,error.trade.no_active_merchant,"No active merchant. Please call a merchant first."
t_merchant.php,error.trade.merchant_type_mismatch,"Invalid trade: merchant type mismatch."
t_merchant.php,error.trade.invalid_exchange_rate,"Invalid exchange rate."
t_merchant.php,error.trade.insufficient_dark_matter,"Insufficient dark matter. You need :cost dark matter to call a merchant."
t_merchant.php,error.trade.invalid_resource_type,"Invalid resource type."
t_merchant.php,error.trade.not_enough_resource,"Not enough :resource available. You have :have but need :need."
t_merchant.php,error.trade.not_enough_storage,"Not enough storage capacity for :resource. You need :need capacity but only have :have."
t_merchant.php,error.trade.storage_full,"Storage is full for :resource. Cannot complete trade."
t_merchant.php,error.trade.execution_failed,"Trade execution failed: :error"
t_merchant.php,success.merchant_dismissed,"Merchant dismissed."
t_merchant.php,success.merchant_called,"Merchant called successfully."
t_merchant.php,success.trade_completed,"Trade completed successfully."
t_messages.php,welcome_message.from,OGameX
t_messages.php,welcome_message.subject,"Welcome to OGameX!"
t_messages.php,welcome_message.body,"Greetings Emperor :player!

Congratulations on starting your illustrious career. I will be here to guide you through your first steps.

On the left you can see the menu which allows you to supervise and govern your galactic empire.

You’ve already seen the Overview. Resources and Facilities allow you to construct buildings to help you expand your empire. Start by building a Solar Plant to harvest energy for your mines.

Then expand your Metal Mine and Crystal Mine to produce vital resources. Otherwise, simply take a look around for yourself. You’ll soon feel well at home, I’m sure.

You can find more help, tips and tactics here:

Discord Chat: Discord Server
Forum: OGameX Forum
Support: Game Support

You’ll only find current announcements and changes to the game in the forums.


Now you’re ready for the future. Good luck!

This message will be deleted in 7 days."
t_messages.php,return_of_fleet_with_resources.from,"Fleet Command"
t_messages.php,return_of_fleet_with_resources.subject,"Return of a fleet"
t_messages.php,return_of_fleet_with_resources.body,"Your fleet is returning from :from to :to and delivered its goods:

Metal: :metal
Crystal: :crystal
Deuterium: :deuterium"
t_messages.php,return_of_fleet.from,"Fleet Command"
t_messages.php,return_of_fleet.subject,"Return of a fleet"
t_messages.php,return_of_fleet.body,"Your fleet is returning from :from to :to.

The fleet doesn't deliver goods."
t_messages.php,fleet_deployment_with_resources.from,"Fleet Command"
t_messages.php,fleet_deployment_with_resources.subject,"Return of a fleet"
t_messages.php,fleet_deployment_with_resources.body,"One of your fleets from :from has reached :to and delivered its goods:

Metal: :metal
Crystal: :crystal
Deuterium: :deuterium"
t_messages.php,fleet_deployment.from,"Fleet Command"
t_messages.php,fleet_deployment.subject,"Return of a fleet"
t_messages.php,fleet_deployment.body,"One of your fleets from :from has reached :to. The fleet doesn`t deliver goods."
t_messages.php,transport_arrived.from,"Fleet Command"
t_messages.php,transport_arrived.subject,"Reaching a planet"
t_messages.php,transport_arrived.body,"Your fleet from :from reaches :to and delivers its goods:
Metal: :metal Crystal: :crystal Deuterium: :deuterium"
t_messages.php,transport_received.from,"Fleet Command"
t_messages.php,transport_received.subject,"Incoming fleet"
t_messages.php,transport_received.body,"An incoming fleet from :from has reached your planet :to and delivered its goods:
Metal: :metal Crystal: :crystal Deuterium: :deuterium"
t_messages.php,acs_defend_arrival_host.from,"Space Monitoring"
t_messages.php,acs_defend_arrival_host.subject,"Fleet is stopping"
t_messages.php,acs_defend_arrival_host.body,"A fleet has arrived at :to."
t_messages.php,acs_defend_arrival_sender.from,"Fleet Command"
t_messages.php,acs_defend_arrival_sender.subject,"Fleet is stopping"
t_messages.php,acs_defend_arrival_sender.body,"A fleet has arrived at :to."
t_messages.php,colony_established.from,"Fleet Command"
t_messages.php,colony_established.subject,"Settlement Report"
t_messages.php,colony_established.body,"The fleet has arrived at the assigned coordinates :coordinates, found a new planet there and are beginning to develop upon it immediately."
t_messages.php,colony_establish_fail_astrophysics.from,Settlers
t_messages.php,colony_establish_fail_astrophysics.subject,"Settlement Report"
t_messages.php,colony_establish_fail_astrophysics.body,"The fleet has arrived at assigned coordinates :coordinates and ascertains that the planet is viable for colonisation. Shortly after starting to develop the planet, the colonists realise that their knowledge of astrophysics is not sufficient to complete the colonisation of a new planet."
t_messages.php,espionage_report.from,"Fleet Command"
t_messages.php,espionage_report.subject,"Espionage report from :planet"
t_messages.php,espionage_detected.from,"Fleet Command"
t_messages.php,espionage_detected.subject,"Espionage report from Planet :planet"
t_messages.php,espionage_detected.body,"A foreign fleet from planet :planet (:attacker_name) was sighted near your planet
:defender
Chance of counter-espionage: :chance%"
t_messages.php,battle_report.from,"Fleet Command"
t_messages.php,battle_report.subject,"Combat report :planet"
t_messages.php,fleet_lost_contact.from,"Fleet Command"
t_messages.php,fleet_lost_contact.subject,"Contact with the attacking fleet has been lost. :coordinates"
t_messages.php,fleet_lost_contact.body,"(That means it was destroyed in the first round.)"
t_messages.php,debris_field_harvest.subject,"Harvesting report from DF on :coordinates"
t_messages.php,debris_field_harvest.body,"Your :ship_name (:ship_amount ships) have a total storage capacity of :storage_capacity. At the target :to, :metal Metal, :crystal Crystal and :deuterium Deuterium are floating in space. You have harvested :harvested_metal Metal, :harvested_crystal Crystal and :harvested_deuterium Deuterium."
t_messages.php,expedition_resources_captured,":resource_type :resource_amount have been captured."
t_messages.php,expedition_dark_matter_captured,"(:dark_matter_amount Dark Matter)"
t_messages.php,expedition_units_captured,"The following ships are now part of the fleet:"
t_messages.php,expedition_unexplored_statement,"Entry from the communication officers logbook: It seems that this part of the universe has not been explored yet."
t_messages.php,expedition_failed.from,"Fleet Command"
t_messages.php,expedition_failed.subject,"Expedition Result"
t_messages.php,expedition_failed.body.1,"Due to a failure in the central computers of the flagship, the expedition mission had to be aborted. Unfortunately as a result of the computer malfunction, the fleet returns home empty handed."
t_messages.php,expedition_failed.body.2,"Your expedition nearly ran into a neutron stars gravitation field and needed some time to free itself. Because of that a lot of Deuterium was consumed and the expedition fleet had to come back without any results."
t_messages.php,expedition_failed.body.3,"For unknown reasons the expeditions jump went totally wrong. It nearly landed in the heart of a sun. Fortunately it landed in a known system, but the jump back is going to take longer than thought."
t_messages.php,expedition_failed.body.4,"A failure in the flagships reactor core nearly destroys the entire expedition fleet. Fortunately the technicians were more than competent and could avoid the worst. The repairs took quite some time and forced the expedition to return without having accomplished its goal."
t_messages.php,expedition_failed.body.5,"A living being made out of pure energy came aboard and induced all the expedition members into some strange trance, causing them to only gazed at the hypnotizing patterns on the computer screens. When most of them finally snapped out of the hypnotic-like state, the expedition mission needed to be aborted as they had way too little Deuterium."
t_messages.php,expedition_failed.body.6,"The new navigation module is still buggy. The expeditions jump not only lead them in the wrong direction, but it used all the Deuterium fuel. Fortunately the fleets jump got them close to the departure planets moon. A bit disappointed the expedition now returns without impulse power. The return trip will take longer than expected."
t_messages.php,expedition_failed.body.7,"Your expedition has learnt about the extensive emptiness of space. There was not even one small asteroid or radiation or particle that could have made this expedition interesting."
t_messages.php,expedition_failed.body.8,"Well, now we know that those red, class 5 anomalies do not only have chaotic effects on the ships navigation systems but also generate massive hallucination on the crew. The expedition didn`t bring anything back."
t_messages.php,expedition_failed.body.9,"Your expedition took gorgeous pictures of a super nova. Nothing new could be obtained from the expedition, but at least there is good chance to win that ""Best Picture Of The Universe"" competition in next months issue of OGame magazine."
t_messages.php,expedition_failed.body.10,"Your expedition fleet followed odd signals for some time. At the end they noticed that those signals where being sent from an old probe which was sent out generations ago to greet foreign species. The probe was saved and some museums of your home planet already voiced their interest."
t_messages.php,expedition_failed.body.11,"Despite the first, very promising scans of this sector, we unfortunately returned empty handed."
t_messages.php,expedition_failed.body.12,"Besides some quaint, small pets from a unknown marsh planet, this expedition brings nothing thrilling back from the trip."
t_messages.php,expedition_failed.body.13,"The expedition`s flagship collided with a foreign ship when it jumped into the fleet without any warning. The foreign ship exploded and the damage to the flagship was substantial. The expedition cannot continue in these conditions, and so the fleet will begin to make its way back once the needed repairs have been carried out."
t_messages.php,expedition_failed.body.14,"Our expedition team came across a strange colony that had been abandoned eons ago. After landing, our crew started to suffer from a high fever caused by an alien virus. It has been learned that this virus wiped out the entire civilization on the planet. Our expedition team is heading home to treat the sickened crew members. Unfortunately we had to abort the mission and we come home empty handed."
t_messages.php,expedition_failed.body.15,"A strange computer virus attacked the navigation system shortly after parting our home system. This caused the expedition fleet to fly in circles. Needless to say that the expedition wasn`t really successful."
t_messages.php,expedition_gain_resources.from,"Fleet Command"
t_messages.php,expedition_gain_resources.subject,"Expedition Result"
t_messages.php,expedition_gain_resources.body.1,"On an isolated planetoid we found some easily accessible resources fields and harvested some successfully."
t_messages.php,expedition_gain_resources.body.2,"Your expedition discovered a small asteroid from which some resources could be harvested."
t_messages.php,expedition_gain_resources.body.3,"Your expedition found an ancient, fully loaded but deserted freighter convoy. Some of the resources could be rescued."
t_messages.php,expedition_gain_resources.body.4,"Your expedition fleet reports the discovery of a giant alien ship wreck. They were not able to learn from their technologies but they were able to divide the ship into its main components and made some useful resources out of it."
t_messages.php,expedition_gain_resources.body.5,"On a tiny moon with its own atmosphere your expedition found some huge raw resources storage. The crew on the ground is trying to lift and load that natural treasure."
t_messages.php,expedition_gain_resources.body.6,"Mineral belts around an unknown planet contained countless resources. The expedition ships are coming back and their storages are full!"
t_messages.php,expedition_gain_dark_matter.from,"Fleet Command"
t_messages.php,expedition_gain_dark_matter.subject,"Expedition Result"
t_messages.php,expedition_gain_dark_matter.body.1,"The expedition followed some odd signals to an asteroid. In the asteroids core a small amount of Dark Matter was found. The asteroid was taken and the explorers are attempting to extract the Dark Matter."
t_messages.php,expedition_gain_dark_matter.body.2,"The expedition was able to capture and store some Dark Matter."
t_messages.php,expedition_gain_dark_matter.body.3,"We met an odd alien on the shelf of a small ship who gave us a case with Dark Matter in exchange for some simple mathematical calculations."
t_messages.php,expedition_gain_dark_matter.body.4,"We found the remains of an alien ship. We found a little container with some Dark Matter on a shelf in the cargo hold!"
t_messages.php,expedition_gain_dark_matter.body.5,"Our expedition made first contact with a special race. It looks as though a creature made of pure energy, who named himself Legorian, flew through the expedition ships and then decided to help our underdeveloped species. A case containing Dark Matter materialized at the bridge of the ship!"
t_messages.php,expedition_gain_dark_matter.body.6,"Our expedition took over a ghost ship which was transporting a small amount of Dark Matter. We didn`t find any hints of what happened to the original crew of the ship, but our technicians where able to rescue the Dark Matter."
t_messages.php,expedition_gain_dark_matter.body.7,"Our expedition accomplished a unique experiment. They were able to harvest Dark Matter from a dying star."
t_messages.php,expedition_gain_dark_matter.body.8,"Our expedition located a rusty space station, which seemed to have been floating uncontrolled through outer space for a long time. The station itself was totally useless, however, it was discovered that some Dark Matter is stored in the reactor. Our technicians are trying to save as much as they can."
t_messages.php,expedition_gain_ships.from,"Fleet Command"
t_messages.php,expedition_gain_ships.subject,"Expedition Result"
t_messages.php,expedition_gain_ships.body.1,"Our expedition found a planet which was almost destroyed during a certain chain of wars. There are different ships floating around in the orbit. The technicians are trying to repair some of them. Maybe we will also get information about what happened here."
t_messages.php,expedition_gain_ships.body.2,"We found a deserted pirate station. There are some old ships lying in the hangar. Our technicians are figuring out whether some of them are still useful or not."
t_messages.php,expedition_gain_ships.body.3,"Your expedition ran into the shipyards of a colony that was deserted eons ago. In the shipyards hangar they discover some ships that could be salvaged. The technicians are trying to get some of them to fly again."
t_messages.php,expedition_gain_ships.body.4,"We came across the remains of a previous expedition! Our technicians will try to get some of the ships to work again."
t_messages.php,expedition_gain_ships.body.5,"Our expedition ran into an old automatic shipyard. Some of the ships are still in the production phase and our technicians are currently trying to reactivate the yards energy generators."
t_messages.php,expedition_gain_ships.body.6,"We found the remains of an armada. The technicians directly went to the almost intact ships to try to get them to work again."
t_messages.php,expedition_gain_ships.body.7,"We found the planet of an extinct civilization. We are able to see a giant intact space station, orbiting. Some of your technicians and pilots went to the surface looking for some ships which could still be used."
t_messages.php,expedition_gain_item.from,"Fleet Command"
t_messages.php,expedition_gain_item.subject,"Expedition Result"
t_messages.php,expedition_gain_item.body.1,"A fleeing fleet left an item behind, in order to distract us in aid of their escape."
t_messages.php,expedition_failed_and_speedup.from,"Fleet Command"
t_messages.php,expedition_failed_and_speedup.subject,"Expedition Result"
t_messages.php,expedition_failed_and_speedup.body.1,"Your expeditions doesn`t report any anomalies in the explored sector. But the fleet ran into some solar wind while returning. This resulted in the return trip being expedited. Your expedition returns home a bit earlier."
t_messages.php,expedition_failed_and_speedup.body.2,"The new and daring commander successfully traveled through an unstable wormhole to shorten the flight back! However, the expedition itself didn`t bring anything new."
t_messages.php,expedition_failed_and_speedup.body.3,"An unexpected back coupling in the energy spools of the engines hastened the expeditions return, it returns home earlier than expected. First reports tell they do not have anything thrilling to account for."
t_messages.php,expedition_failed_and_delay.from,"Fleet Command"
t_messages.php,expedition_failed_and_delay.subject,"Expedition Result"
t_messages.php,expedition_failed_and_delay.body.1,"Your expedition went into a sector full of particle storms. This set the energy stores to overload and most of the ships` main systems crashed. Your mechanics were able to avoid the worst, but the expedition is going to return with a big delay."
t_messages.php,expedition_failed_and_delay.body.2,"Your navigator made a grave error in his computations that caused the expeditions jump to be miscalculated. Not only did the fleet miss the target completely, but the return trip will take a lot more time than originally planned."
t_messages.php,expedition_failed_and_delay.body.3,"The solar wind of a red giant ruined the expeditions jump and it will take quite some time to calculate the return jump. There was nothing besides the emptiness of space between the stars in that sector. The fleet will return later than expected."
t_messages.php,expedition_battle.from,"Fleet Command"
t_messages.php,expedition_battle.subject,"Expedition Result"
t_messages.php,expedition_battle.body.1,"Some primitive barbarians are attacking us with spaceships that can`t even be named as such. If the fire gets serious we will be forced to fire back."
t_messages.php,expedition_battle.body.2,"We needed to fight some pirates which were, fortunately, only a few."
t_messages.php,expedition_battle.body.3,"We caught some radio transmissions from some drunk pirates. Seems like we will be under attack soon."
t_messages.php,expedition_battle.body.4,"Our expedition was attacked by a small group of unknown ships!"
t_messages.php,expedition_battle.body.5,"Some really desperate space pirates tried to capture our expedition fleet."
t_messages.php,expedition_battle.body.6,"Some exotic looking ships attacked the expedition fleet without warning!"
t_messages.php,expedition_battle.body.7,"Your expedition fleet had an unfriendly first contact with an unknown species."
t_messages.php,expedition_battle_pirates.from,"Fleet Command"
t_messages.php,expedition_battle_pirates.subject,"Expedition Result"
t_messages.php,expedition_battle_pirates.body.1,"Some primitive barbarians are attacking us with spaceships that can`t even be named as such. If the fire gets serious we will be forced to fire back."
t_messages.php,expedition_battle_pirates.body.2,"We needed to fight some pirates which were, fortunately, only a few."
t_messages.php,expedition_battle_pirates.body.3,"We caught some radio transmissions from some drunk pirates. Seems like we will be under attack soon."
t_messages.php,expedition_battle_pirates.body.4,"Our expedition was attacked by a small group of space pirates!"
t_messages.php,expedition_battle_pirates.body.5,"Some really desperate space pirates tried to capture our expedition fleet."
t_messages.php,expedition_battle_pirates.body.6,"Pirates ambushed the expedition fleet without warning!"
t_messages.php,expedition_battle_pirates.body.7,"A ragtag fleet of space pirates intercepted us, demanding tribute."
t_messages.php,expedition_battle_aliens.from,"Fleet Command"
t_messages.php,expedition_battle_aliens.subject,"Expedition Result"
t_messages.php,expedition_battle_aliens.body.1,"We picked up strange signals from unknown ships. They turned out to be hostile!"
t_messages.php,expedition_battle_aliens.body.2,"An alien patrol detected our expedition fleet and attacked immediately!"
t_messages.php,expedition_battle_aliens.body.3,"Your expedition fleet had an unfriendly first contact with an unknown species."
t_messages.php,expedition_battle_aliens.body.4,"Some exotic looking ships attacked the expedition fleet without warning!"
t_messages.php,expedition_battle_aliens.body.5,"A fleet of alien warships emerged from hyperspace and engaged us!"
t_messages.php,expedition_battle_aliens.body.6,"We encountered a technologically advanced alien species that was not peaceful."
t_messages.php,expedition_battle_aliens.body.7,"Our sensors detected unknown energy signatures before alien ships attacked!"
t_messages.php,expedition_loss_of_fleet.from,"Fleet Command"
t_messages.php,expedition_loss_of_fleet.subject,"Expedition Result"
t_messages.php,expedition_loss_of_fleet.body.1,"A core meltdown of the lead ship leads to a chain reaction, which destroys the entire expedition fleet in a spectacular explosion."
t_messages.php,expedition_merchant_found.from,"Fleet Command"
t_messages.php,expedition_merchant_found.subject,"Expedition Result"
t_messages.php,expedition_merchant_found.body.1,"Your expedition fleet made contact with a friendly alien race. They announced that they would send a representative with goods to trade to your worlds."
t_messages.php,expedition_merchant_found.body.2,"A mysterious merchant vessel approached your expedition. The trader offered to visit your planets and provide special trading services."
t_messages.php,expedition_merchant_found.body.3,"The expedition encountered an intergalactic merchant convoy. One of the merchants has agreed to visit your homeworld to offer trading opportunities."
t_messages.php,buddy_request_received.subject,"Buddy request"
t_messages.php,buddy_request_received.body,"You have received a new buddy request from :sender_name.<span style=""display:none;"">:buddy_request_id</span>"
t_messages.php,buddy_request_accepted.subject,"Buddy request accepted"
t_messages.php,buddy_request_accepted.body,"Player :accepter_name added you to his buddy list."
t_messages.php,buddy_removed.subject,"You were deleted from a buddy list"
t_messages.php,buddy_removed.body,"Player :remover_name removed you from their buddy list."
t_messages.php,missile_attack_report.from,"Fleet Command"
t_messages.php,missile_attack_report.subject,"Missile attack on :target_coords"
t_messages.php,missile_attack_report.body,"Your interplanetary missiles from :origin_planet_name :origin_planet_coords (ID: :origin_planet_id) have reached their target at :target_planet_name :target_coords (ID: :target_planet_id, Type: :target_type).

Missiles launched: :missiles_sent
Missiles intercepted: :missiles_intercepted
Missiles hit: :missiles_hit

Defenses destroyed: :defenses_destroyed"
t_messages.php,missile_attack_report.missile_singular,missile
t_messages.php,missile_attack_report.missile_plural,missiles
t_messages.php,missile_attack_report.from_your_planet," from your planet "
t_messages.php,missile_attack_report.smashed_into," smashed into the planet "
t_messages.php,missile_attack_report.intercepted_label,"Missiles Intercepted:"
t_messages.php,missile_attack_report.defenses_hit_label,"Defenses Hit"
t_messages.php,missile_attack_report.none,None
t_messages.php,missile_defense_report.from,"Defense Command"
t_messages.php,missile_defense_report.subject,"Missile attack on :planet_coords"
t_messages.php,missile_defense_report.body,"Your planet :planet_name at :planet_coords (ID: :planet_id) has been attacked by interplanetary missiles from :attacker_name!

Incoming missiles: :missiles_incoming
Missiles intercepted: :missiles_intercepted
Missiles hit: :missiles_hit

Defenses destroyed: :defenses_destroyed"
t_messages.php,missile_defense_report.your_planet,"Your planet "
t_messages.php,missile_defense_report.attacked_by_prefix," has been attacked by interplanetary missiles from "
t_messages.php,missile_defense_report.incoming_label,"Incoming Missiles:"
t_messages.php,missile_defense_report.intercepted_label,"Missiles Intercepted:"
t_messages.php,missile_defense_report.defenses_hit_label,"Defenses Hit"
t_messages.php,missile_defense_report.none,None
t_messages.php,alliance_broadcast.from,:sender_name
t_messages.php,alliance_broadcast.subject,"[:alliance_tag] Alliance broadcast from :sender_name"
t_messages.php,alliance_broadcast.body,:message
t_messages.php,alliance_application_received.from,"Alliance Management"
t_messages.php,alliance_application_received.subject,"New alliance application"
t_messages.php,alliance_application_received.body,"Player :applicant_name has applied to join your alliance.

Application message:
:application_message"
t_messages.php,planet_relocation_success.from,"Manage colonies"
t_messages.php,planet_relocation_success.subject,":planet_name`s relocation has been successful"
t_messages.php,planet_relocation_success.body,"The planet :planet_name has been successfully relocated from the coordinates [coordinates]:old_coordinates[/coordinates] to [coordinates]:new_coordinates[/coordinates]."
t_messages.php,fleet_union_invite.from,"Fleet Command"
t_messages.php,fleet_union_invite.subject,"Invitation to alliance combat"
t_messages.php,fleet_union_invite.body,":sender_name invited you to mission :union_name against :target_player on [:target_coords], the fleet has been timed for :arrival_time.

CAUTION: Time of arrival can change due to joining fleets. Each new fleet may extend this time by a maximum of 30 %, otherwise it won`t be allowed to join.

NOTE: The total strength of all participants compared to the total strength of defenders determines whether it will be an honourable battle or not."
t_messages.php,"Shipyard is being upgraded.","Shipyard is being upgraded."
t_messages.php,"Nanite Factory is being upgraded.","Nanite Factory is being upgraded."
t_messages.php,moon_destruction_success.from,"Fleet Command"
t_messages.php,moon_destruction_success.subject,"Moon :moon_name [:moon_coords] has been destroyed!"
t_messages.php,moon_destruction_success.body,"With a destruction probability of :destruction_chance and a Deathstar loss probability of :loss_chance, your fleet has successfully destroyed the moon :moon_name at :moon_coords."
t_messages.php,moon_destruction_failure.from,"Fleet Command"
t_messages.php,moon_destruction_failure.subject,"Moon destruction at :moon_coords failed"
t_messages.php,moon_destruction_failure.body,"With a destruction probability of :destruction_chance and a Deathstar loss probability of :loss_chance, your fleet failed to destroy the moon :moon_name at :moon_coords. The fleet is returning."
t_messages.php,moon_destruction_catastrophic.from,"Fleet Command"
t_messages.php,moon_destruction_catastrophic.subject,"Catastrophic loss during moon destruction at :moon_coords"
t_messages.php,moon_destruction_catastrophic.body,"With a destruction probability of :destruction_chance and a Deathstar loss probability of :loss_chance, your fleet failed to destroy the moon :moon_name at :moon_coords. In addition, all Deathstars were lost in the attempt. There is no wreckage."
t_messages.php,moon_destruction_mission_failed.from,"Fleet Command"
t_messages.php,moon_destruction_mission_failed.subject,"Moon destruction mission failed at :coordinates"
t_messages.php,moon_destruction_mission_failed.body,"Your fleet arrived at :coordinates but no moon was found at the target location. The fleet is returning."
t_messages.php,moon_destruction_repelled.from,"Space Monitoring"
t_messages.php,moon_destruction_repelled.subject,"Destruction attempt on moon :moon_name [:moon_coords] repelled"
t_messages.php,moon_destruction_repelled.body,":attacker_name attacked your moon :moon_name at :moon_coords with a destruction probability of :destruction_chance and a Deathstar loss probability of :loss_chance. Your moon has survived the attack!"
t_messages.php,moon_destroyed.from,"Space Monitoring"
t_messages.php,moon_destroyed.subject,"Moon :moon_name [:moon_coords] has been destroyed!"
t_messages.php,moon_destroyed.body,"Your moon :moon_name at :moon_coords has been destroyed by a Deathstar fleet belonging to :attacker_name!"
t_messages.php,wreck_field_repair_completed.from,"System Message"
t_messages.php,wreck_field_repair_completed.subject,"Repair completed"
t_messages.php,wreck_field_repair_completed.body,"Your repair request on planet :planet has been completed.
:ship_count ships have been put back into service."
t_overview.php,temperature,Temperature
t_overview.php,position,Position
t_resources.php,metal_mine.description,"Used in the extraction of metal ore, metal mines are of primary importance to all emerging and established empires."
t_resources.php,metal_mine.description_long,"Metal is the primary resource used in the foundation of your Empire. At greater depths, the mines can produce more output of viable metal for use in the construction of buildings, ships, defense systems, and research. As the mines drill deeper, more energy is required for maximum production. As metal is the most abundant of all resources available, its value is considered to be the lowest of all resources for trading."
t_resources.php,crystal_mine.description,"Crystals are the main resource used to build electronic circuits and form certain alloy compounds."
t_resources.php,crystal_mine.description_long,"Crystal mines supply the main resource used to produce electronic circuits and from certain alloy compounds. Mining crystal consumes some one and half times more energy than a mining metal, making crystal more valuable. Almost all ships and all buildings require crystal. Most crystals required to build spaceships, however, are very rare, and like metal can only be found at a certain depth. Therefore, building mines in deeper strata will increase the amount of crystal produced."
t_resources.php,deuterium_synthesizer.description,"Deuterium Synthesizers draw the trace Deuterium content from the water on a planet."
t_resources.php,deuterium_synthesizer.description_long,"Deuterium is also called heavy hydrogen. It is a stable isotope of hydrogen with a natural abundance in the oceans of colonies of approximately one atom in 6500 of hydrogen (~154 PPM). Deuterium thus accounts for approximately 0.015% (on a weight basis, 0.030%) of all. Deuterium is processed by special synthesizers which can separate the water from the Deuterium using specially designed centrifuges. The upgrade of the synthesizer allows for increasing the amount of Deuterium deposits processed. Deuterium is used when carrying out sensor phalanx scans, viewing galaxies, as fuel for ships, and performing specialized research upgrades."
t_resources.php,solar_plant.description,"Solar power plants absorb energy from solar radiation. All mines need energy to operate."
t_resources.php,solar_plant.description_long,"Gigantic solar arrays are used to generate power for the mines and the deuterium synthesizer. As the solar plant is upgraded, the surface area of the photovoltaic cells covering the planet increases, resulting in a higher energy output across the power grids of your planet."
t_resources.php,fusion_plant.description,"The fusion reactor uses deuterium to produce energy."
t_resources.php,fusion_plant.description_long,"In fusion power plants, hydrogen nuclei are fused into helium nuclei under enormous temperature and pressure, releasing tremendous amounts of energy. For each gram of Deuterium consumed, up to 41,32*10^-13 Joule of energy can be produced; with 1 g you are able to produce 172 MWh energy.

Larger reactor complexes use more deuterium and can produce more energy per hour. The energy effect could be increased by researching energy technology.

The energy production of the fusion plant is calculated like that:
30 * [Level Fusion Plant] * (1,05 + [Level Energy Technology] * 0,01) ^ [Level Fusion Plant]"
t_resources.php,metal_store.description,"Provides storage for excess metal."
t_resources.php,metal_store.description_long,"This giant storage facility is used to store metal ore. Each level of upgrading increases the amount of metal ore that can be stored. If the stores are full, no further metal will be mined.

The Metal Storage protects a certain percentage of the mine's daily production (max. 10 percent)."
t_resources.php,crystal_store.description,"Provides storage for excess crystal."
t_resources.php,crystal_store.description_long,"The unprocessed crystal will be stored in these giant storage halls in the meantime. With each level of upgrade, it increases the amount of crystal can be stored. If the crystal stores are full, no further crystal will be mined.

The Crystal Storage protects a certain percentage of the mine's daily production (max. 10 percent)."
t_resources.php,deuterium_store.description,"Giant tanks for storing newly-extracted deuterium."
t_resources.php,deuterium_store.description_long,"The Deuterium tank is for storing newly-synthesized deuterium. Once it is processed by the synthesizer, it is piped into this tank for later use. With each upgrade of the tank, the total storage capacity is increased. Once the capacity is reached, no further Deuterium will be synthesized.

The Deuterium Tank protects a certain percentage of the synthesizer's daily production (max. 10 percent)."
t_resources.php,robot_factory.description,"Robotic factories provide construction robots to aid in the construction of buildings. Each level increases the speed of the upgrade of buildings."
t_resources.php,robot_factory.description_long,"The Robotics Factory primary goal is the production of State of the Art construction robots. Each upgrade to the robotics factory results in the production of faster robots, which is used to reduce the time needed to construct buildings."
t_resources.php,shipyard.description,"All types of ships and defensive facilities are built in the planetary shipyard."
t_resources.php,shipyard.description_long,"The planetary shipyard is responsible for the construction of spacecraft and defensive mechanisms. As the shipyard is upgraded, it can produce a wider variety of vehicles at a much greater rate of speed. If a nanite factory is present on the planet, the speed at which ships are constructed is massively increased."
t_resources.php,research_lab.description,"A research lab is required in order to conduct research into new technologies."
t_resources.php,research_lab.description_long,"An essential part of any empire, Research Labs are where new technologies are discovered and older technologies are improved upon. With each level of the Research Lab constructed, the speed in which new technologies are researched is increased, while also unlocking newer technologies to research. In order to conduct research as quickly as possible, research scientists are immediately dispatched to the colony to begin work and development. In this way, knowledge about new technologies can easily be disseminated throughout the empire."
t_resources.php,alliance_depot.description,"The alliance depot supplies fuel to friendly fleets in orbit helping with defense."
t_resources.php,alliance_depot.description_long,"The alliance depot supplies fuel to friendly fleets in orbit helping with defense. For each upgrade level of the alliance depot, a special demand of deuterium per hour can be sent to an orbiting fleet."
t_resources.php,missile_silo.description,"Missile silos are used to store missiles."
t_resources.php,missile_silo.description_long,"Missile silos are used to construct, store and launch interplanetary and anti-ballistic missiles. With each level of the silo, five interplanetary missiles or ten anti-ballistic missiles can be stored. One Interplanetary missile uses the same space as two Anti-Ballistic missiles. Storage of both Interplanetary missiles and Anti-Ballistic missiles in the same silo is allowed."
t_resources.php,nano_factory.description,"This is the ultimate in robotics technology. Each level cuts the construction time for buildings, ships, and defenses."
t_resources.php,nano_factory.description_long,"A nanomachine, also called a nanite, is a mechanical or electromechanical device whose dimensions are measured in nanometers (millionths of a millimeter, or units of 10^-9 meter). The microscopic size of nanomachines translates into higher operational speed. This factory produces nanomachines that are the ultimate evolution in robotics technology. Once constructed, each upgrade significantly decreases production time for buildings, ships, and defensive structures."
t_resources.php,terraformer.description,"The terraformer increases the usable surface of planets."
t_resources.php,terraformer.description_long,"With the increasing construction on planets, even the living space for the colony is becoming more and more limited. Traditional methods such as high-rise and underground construction are increasingly becoming insufficient. A small group of high-energy physicists and nano engineers eventually came to the solution: terraforming.
Making use of tremendous amounts of energy, the terraformer can make whole stretches of land or even continents arable. This building houses the production of nanites created specifically for this purpose, which ensure a consistent ground quality throughout.

Each terraformer level allows 5 fields to be cultivated. With each level, the terraformer occupies one field itself. Every 2 terraformer levels you will receive 1 bonus field.

Once built, the terraformer cannot be dismantled."
t_resources.php,space_dock.description,"Wreckages can be repaired in the Space Dock."
t_resources.php,space_dock.description_long,"The Space Dock offers the possibility to repair ships destroyed in battle which left behind wreckage. The repair time takes a maximum of 12 hours, but it takes at least 30 minutes until the ships can be put back into service.

Repairs must begin within 3 days of the creation of the wreckage. The repaired ships must be returned to duty manually after completion of the repairs. If this is not done, individual ships of any type will be returned to service after 3 days.

Wreckage only appears if more than 150,000 units have been destroyed including one's own ships which took part in the combat with a value of at least 5% of the ship points.

Since the Space Dock floats in orbit, it does not require a planet field."
t_resources.php,lunar_base.title,"Lunar Base"
t_resources.php,lunar_base.description,"Since the moon has no atmosphere, a lunar base is required to generate habitable space."
t_resources.php,lunar_base.description_long,"A moon has no atmosphere, so a lunar base must first be built before a settlement can be set up. This then provides oxygen, heating, and gravity. With each level constructed, a larger living and development area is provided within the biosphere. Each constructed level allows three fields for other buildings. With each level, the Lunar base occupies one field itself.
Once built, the lunar base can not be torn down."
t_resources.php,sensor_phalanx.title,"Sensor Phalanx"
t_resources.php,sensor_phalanx.description,"Using the sensor phalanx, fleets of other empires can be discovered and observed. The bigger the sensor phalanx array, the larger the range it can scan."
t_resources.php,sensor_phalanx.description_long,"Utilizing high-resolution sensors, the Sensor Phalanx first scans the spectrum of light, composition of gases, and radiation emissions from a distant world and transmits the data to a supercomputer for processing. Once the information is obtained, the supercomputer compares changes in the spectrum, gas composition, and radiation emissions, to a base line chart of known changes of the spectrum created by various ship movements. The resulting data then displays activity of any fleet within the range of the phalanx. To prevent the supercomputer from overheating during the process, it is cooled by utilizing 5k of processed Deuterium.
To use the Phalanx, click on any planet in the Galaxy View within your sensors range."
t_resources.php,jump_gate.description,"Jump gates are huge transceivers capable of sending even the biggest fleet in no time to a distant jump gate."
t_resources.php,jump_gate.description_long,"A Jump Gate is a system of giant transceivers capable of sending even the largest fleets to a receiving Gate anywhere in the universe without loss of time. Utilizing technology similar to that of a Worm Hole to achieve the jump, deuterium is not required. A recharge period of a few minutes must pass between jumps to allow for regeneration. Transporting resources through the Gate is not possible either. With every upgrade level the jump gate's cooldown time can be reduced."
t_resources.php,energy_technology.description,"The command of different types of energy is necessary for many new technologies."
t_resources.php,energy_technology.description_long,"As various fields of research advanced, it was discovered that the current technology of energy distribution was not sufficient enough to begin certain specialized research. With each upgrade of your Energy Technology, new research can be conducted which unlocks development of more sophisticated ships and defenses."
t_resources.php,laser_technology.description,"Focusing light produces a beam that causes damage when it strikes an object."
t_resources.php,laser_technology.description_long,"Lasers (light amplification by stimulated emission of radiation) produce an intense, energy rich emission of coherent light. These devices can be used in all sorts of areas, from optical computers to heavy laser weapons, which effortlessly cut through armour technology. The laser technology provides an important basis for research of other weapon technologies."
t_resources.php,ion_technology.description,"The concentration of ions allows for the construction of cannons, which can inflict enormous damage and reduce the deconstruction costs per level by 4%."
t_resources.php,ion_technology.description_long,"Ions can be concentrated and accelerated into a deadly beam. These beams can then inflict enormous damage. Our scientists have also developed a technique that will clearly reduce the deconstruction costs for buildings and systems. For each research level, the deconstruction costs will sink by 4%."
t_resources.php,hyperspace_technology.description,"By integrating the 4th and 5th dimensions it is now possible to research a new kind of drive that is more economical and efficient."
t_resources.php,hyperspace_technology.description_long,"In theory, the idea of hyperspace travel relies on the existence of a separate and adjacent dimension. When activated, a hyperspace drive shunts the starship into this other dimension, where it can cover vast distances in an amount of time greatly reduced from the time it would take in ""normal"" space. Once it reaches the point in hyperspace that corresponds to its destination in real space, it re-emerges.
Once a sufficient level of Hyperspace Technology is researched, the Hyperspace Drive is no longer just a theory. Each improvement to this drive increases the load capacity of your ships by 5% of the base value."
t_resources.php,plasma_technology.description,"A further development of ion technology which accelerates high-energy plasma, which then inflicts devastating damage and additionally optimises the production of metal, crystal and deuterium (1%/0.66%/0.33% per level)."
t_resources.php,plasma_technology.description_long,"A further development of ion technology that doesn't speed up ions but high-energy plasma instead, which can then inflict devastating damage on impact with an object. Our scientists have also found a way to noticeably improve the mining of metal and crystal using this technology.

Metal production increases by 1%, crystal production by 0.66% and deuterium production by 0.33% per construction level of the plasma technology."
t_resources.php,combustion_drive.description,"The development of this drive makes some ships faster, although each level increases speed by only 10 % of the base value."
t_resources.php,combustion_drive.description_long,"The Combustion Drive is the oldest of technologies, but is still in use. With the Combustion Drive, exhaust is formed from propellants carried within the ship prior to use. In a closed chamber, the pressures are equal in each direction and no acceleration occurs. If an opening is provided at the bottom of the chamber then the pressure is no longer opposed on that side. The remaining pressure gives a resultant thrust in the side opposite the opening, which propels the ship forward by expelling the exhaust rearwards at extreme high speed.

With each level of the Combustion Drive developed, the speed of small and large cargo ships, light fighters, recyclers, and espionage probes are increased by 10%."
t_resources.php,impulse_drive.description,"The impulse drive is based on the reaction principle. Further development of this drive makes some ships faster, although each level increases speed by only 20 % of the base value."
t_resources.php,impulse_drive.description_long,"The impulse drive is based on the recoil principle, by which the stimulated emission of radiation is mainly produced as a waste product from the core fusion to gain energy. Additionally, other masses can be injected. With each level of the Impulse Drive developed, the speed of bombers, cruisers, heavy fighters, and colony ships are increased by 20% of the base value. Additionally, the small transporters are fitted with impulse drives as soon as their research level reaches 5. As soon as Impulse Drive research has reached level 17, Recyclers are refitted with Impulse Drives.

Interplanetary missiles also travel farther with each level."
t_resources.php,hyperspace_drive.description,"Hyperspace drive warps space around a ship. The development of this drive makes some ships faster, although each level increases speed by only 30 % of the base value."
t_resources.php,hyperspace_drive.description_long,"In the immediate vicinity of the ship, the space is warped so that long distances can be covered very quickly. The more the Hyperspace Drive is developed, the stronger the warped nature of the space, whereby the speed of the ships equipped with it (Battlecruisers, Battleships, Destroyers, Deathstars, Pathfinders and Reapers) increase by 30% per level. Additionally, the bomber is built with a Hyperspace Drive as soon as research reaches level 8. As soon as Hyperspace Drive research reaches level 15, the Recycler is refitted with a Hyperspace Drive."
t_resources.php,espionage_technology.description,"Information about other planets and moons can be gained using this technology."
t_resources.php,espionage_technology.description_long,"Espionage Technology is, in the first instance, an advancement of sensor technology. The more advanced this technology is, the more information the user receives about activities in his environment.
The differences between your own spy level and opposing spy levels is crucial for probes. The more advanced your own espionage technology is, the more information the report can gather and the smaller the chance is that your espionage activities are discovered. The more probes that you send on one mission, the more details they can gather from the target planet. But at the same time it also increases the chance of discovery.
Espionage technology also improves the chance of locating foreign fleets. The espionage level is vital in determining this. From level 2 onwards, the exact total number of attacking ships is displayed as well as the normal attack notification. And from level 4 onwards, the type of attacking ships as well as the total number is shown and from level 8 onwards the exact number of different ship types is shown.
This technology is indispensable for an upcoming attack, as it informs you whether the victim fleet has defense available or not. That is why this technology should be researched very early on."
t_resources.php,computer_technology.description,"More fleets can be commanded by increasing computer capacities. Each level of computer technology increases the maximum number of fleets by one."
t_resources.php,computer_technology.description_long,"Once launched on any mission, fleets are controlled primarily by a series of computers located on the originating planet. These massive computers calculate the exact time of arrival, controls course corrections as needed, calculates trajectories, and regulates flight speeds.
With each level researched, the flight computer is upgraded to allow an additional slot to be launched. Computer technology should be continuously developed throughout the building of your empire."
t_resources.php,astrophysics.description,"With an astrophysics research module, ships can undertake long expeditions. Every second level of this technology will allow you to colonise an extra planet."
t_resources.php,astrophysics.description_long,"Further findings in the field of astrophysics allow for the construction of laboratories that can be fitted on more and more ships. This makes long expeditions far into unexplored areas of space possible. In addition these advancements can be used to further colonise the universe. For every two levels of this technology an additional planet can be made usable."
t_resources.php,intergalactic_research_network.description,"Researchers on different planets communicate via this network."
t_resources.php,intergalactic_research_network.description_long,"This is your deep space network to communicate research results to your colonies. With the IRN, faster research times can be achieved by linking the highest level research labs equal to the level of the IRN developed.
In order to function, each colony must be able to conduct the research independently."
t_resources.php,graviton_technology.description,"Firing a concentrated charge of graviton particles can create an artificial gravity field, which can destroy ships or even moons."
t_resources.php,graviton_technology.description_long,"A graviton is an elementary particle that is massless and has no cargo. It determines the gravitational power. By firing a concentrated load of gravitons, an artificial gravitational field can be constructed. Not unlike a black hole, it draws mass into itself. Thus it can destroy ships and even entire moons. To produce a sufficient amount of gravitons, huge amounts of energy are required. Graviton Research is required to construct a destructive Deathstar."
t_resources.php,weapon_technology.title,"Weapon Technology"
t_resources.php,weapon_technology.description,"Weapons technology makes weapons systems more efficient. Each level of weapons technology increases the weapon strength of units by 10 % of the base value."
t_resources.php,weapon_technology.description_long,"Weapons Technology is a key research technology and is critical to your survival against enemy Empires. With each level of Weapons Technology researched, the weapons systems on ships and your defense mechanisms become increasingly more efficient. Each level increases the base strength of your weapons by 10% of the base value."
t_resources.php,shielding_technology.title,"Shield Technology"
t_resources.php,shielding_technology.description,"Shield technology makes the shields on ships and defensive facilities more efficient. Each level of shield technology increases the strength of the shields by 10 % of the base value."
t_resources.php,shielding_technology.description_long,"With the invention of the magnetosphere generator, scientists learned that an artificial shield could be produced to protect the crew in space ships not only from the harsh solar radiation environment in deep space, but also provide protection from enemy fire during an attack. Once scientists finally perfected the technology, a magnetosphere generator was installed on all ships and defense systems.

As the technology is advanced to each level, the magnetosphere generator is upgraded which provides an additional 10% strength to the shields base value."
t_resources.php,armor_technology.description,"Special alloys improve the armour on ships and defensive structures. The effectiveness of the armour can be increased by 10 % per level."
t_resources.php,armor_technology.description_long,"The environment of deep space is harsh. Pilots and crew on various missions not only faced intense solar radiation, they also faced the prospect of being hit by space debris, or destroyed by enemy fire in an attack. With the discovery of an aluminum-lithium titanium carbide alloy, which was found to be both light weight and durable, this afforded the crew a certain degree of protection. With each level of Armour Technology developed, a higher quality alloy is produced, which increases the armours strength by 10%."
t_resources.php,small_cargo.description,"The small cargo is an agile ship which can quickly transport resources to other planets."
t_resources.php,small_cargo.description_long,"Transporters are about as large as fighters, yet they forego high-performance drives and on-board weaponry for gains in their freighting capacity. As a result, a transporter should only be sent into battles when it is accompanied by combat-ready ships.

As soon as the Impulse Drive reaches research level 5, the small transporter travels with increased base speed and is geared with an Impulse Drive."
t_resources.php,large_cargo.description,"This cargo ship has a much larger cargo capacity than the small cargo, and is generally faster thanks to an improved drive."
t_resources.php,large_cargo.description_long,"As time evolved, the raids on colonies resulted in larger and larger amounts of resources being captured. As a result, Small Cargos were being sent out in mass numbers to compensate for the larger captures. It was quickly learned that a new class of ship was needed to maximize resources captured in raids, yet also be cost effective. After much development, the Large Cargo was born.

To maximize the resources that can be stored in the holds, this ship has little in the way of weapons or armour. Thanks to the highly developed combustion engine installed, it serves as the most economical resource supplier between planets, and most effective in raids on hostile worlds."
t_resources.php,colony_ship.description,"Vacant planets can be colonised with this ship."
t_resources.php,colony_ship.description_long,"In the 20th Century, Man decided to go for the stars. First, it was landing on the Moon. After that, a space station was built. Mars was colonized soon afterwards. It was soon determined that our growth depended on colonizing other worlds. Scientists and engineers all over the world gathered together to develop mans greatest achievement ever. The Colony Ship is born.

This ship is used to prepare a newly discovered planet for colonization. Once it arrives at the destination, the ship is instantly transformed into habitual living space to assist in populating and mining the new world. The maximum number of planets is thereby determined by the progress in astrophysics research. Two new levels of Astrotechnology allow for the colonization of one additional planet."
t_resources.php,recycler.description,"Recyclers are the only ships able to harvest debris fields floating in a planet's orbit after combat."
t_resources.php,recycler.description_long,"Combat in space took on ever larger scales. Thousands of ships were destroyed and the resources of their remains seemed to be lost to the debris fields forever. Normal cargo ships couldn't get close enough to these fields without risking substantial damage.
A recent development in shield technologies efficiently bypassed this issue. A new class of ships were created that were similar to the Transporters: the Recyclers. Their efforts helped to gather the thought-lost resources and then salvage them. The debris no longer posed any real danger thanks to the new shields.

As soon as Impulse Drive research has reached level 17, Recyclers are refitted with Impulse Drives. As soon as Hyperspace Drive research has reached level 15, Recyclers are refitted with Hyperspace Drives."
t_resources.php,espionage_probe.description,"Espionage probes are small, agile drones that provide data on fleets and planets over great distances."
t_resources.php,espionage_probe.description_long,"Espionage probes are small, agile drones that provide data on fleets and planets. Fitted with specially designed engines, it allows them to cover vast distances in only a few minutes. Once in orbit around the target planet, they quickly collect data and transmit the report back via your Deep Space Network for evaluation. But there is a risk to the intelligent gathering aspect. During the time the report is transmitted back to your network, the signal can be detected by the target and the probes can be destroyed."
t_resources.php,solar_satellite.description,"Solar satellites are simple platforms of solar cells, located in a high, stationary orbit. They gather sunlight and transmit it to the ground station via laser."
t_resources.php,solar_satellite.description_long,"Scientists discovered a method of transmitting electrical energy to the colony using specially designed satellites in a geosynchronous orbit. Solar Satellites gather solar energy and transmit it to a ground station using advanced laser technology. The efficiency of a solar satellite depends on the strength of the solar radiation it receives. In principle, energy production in orbits closer to the sun is greater than for planets in orbits distant from the sun.
Due to their good cost/performance ratio solar satellites can solve a lot of energy problems. But beware: Solar satellites can be easily destroyed in battle."
t_resources.php,crawler.description,"Crawlers increase the production of metal, crystal and Deuterium on their tasked planet each by 0.02%, 0.02% and 0.02% respectively. As a collector, production also increases. The maximum total bonus depends on the overall level of your mines."
t_resources.php,pathfinder.description,"The Pathfinder is a quick and agile ship, purpose-built for expeditions into unknown sectors of space."
t_resources.php,pathfinder.description_long,"The Pathfinder is the latest development in exploration technology. This ship was specially designed for members of the Discoverer class to maximize their potential. Equipped with advanced scanning systems and a large cargo hold for salvaging resources, the Pathfinder excels at expeditions. Its sophisticated sensors can detect valuable resources and anomalies that would go unnoticed by other ships. The ship combines a high speed with good cargo capacity, making it perfect for quick exploration missions and resource gathering from distant sectors."
t_resources.php,light_fighter.description,"This is the first fighting ship all emperors will build. The light fighter is an agile ship, but vulnerable on its own. In mass numbers, they can become a great threat to any empire. They are the first to accompany small and large cargoes to hostile planets with minor defenses."
t_resources.php,light_fighter.description_long,"This is the first fighting ship all emperors will build. The light fighter is an agile ship, but vulnerable when it is on its own. In mass numbers, they can become a great threat to any empire. They are the first to accompany small and large cargoes to hostile planets with minor defenses."
t_resources.php,heavy_fighter.description,"This fighter is better armoured and has a higher attack strength than the light fighter."
t_resources.php,heavy_fighter.description_long,"In developing the heavy fighter, researchers reached a point at which conventional drives no longer provided sufficient performance. In order to move the ship optimally, the impulse drive was used for the first time. This increased the costs, but also opened new possibilities. By using this drive, there was more energy left for weapons and shields; in addition, high-quality materials were used for this new family of fighters. With these changes, the heavy fighter represents a new era in ship technology and is the basis for cruiser technology.

Slightly larger than the light fighter, the heavy fighter has thicker hulls, providing more protection, and stronger weaponry."
t_resources.php,cruiser.description,"Cruisers are armoured almost three times as heavily as heavy fighters and have more than twice the firepower. In addition, they are very fast."
t_resources.php,cruiser.description_long,"With the development of the heavy laser and the ion cannon, light and heavy fighters encountered an alarmingly high number of defeats that increased with each raid. Despite many modifications, weapons strength and armour changes, it could not be increased fast enough to effectively counter these new defensive measures. Therefore, it was decided to build a new class of ship that combined more armour and more firepower. As a result of years of research and development, the Cruiser was born.

Cruisers are armoured almost three times of that of the heavy fighters, and possess more than twice the firepower of any combat ship in existence. They also possess speeds that far surpassed any spacecraft ever made. For almost a century, cruisers dominated the universe. However, with the development of Gauss cannons and plasma turrets, their predominance ended. They are still used today against fighter groups, but not as predominantly as before."
t_resources.php,battle_ship.description,"Battleships form the backbone of a fleet. Their heavy cannons, high speed, and large cargo holds make them opponents to be taken seriously."
t_resources.php,battle_ship.description_long,"Once it became apparent that the cruiser was losing ground to the increasing number of defense structures it was facing, and with the loss of ships on missions at unacceptable levels, it was decided to build a ship that could face those same type of defense structures with as little loss as possible. After extensive development, the Battleship was born. Built to withstand the largest of battles, the Battleship features large cargo spaces, heavy cannons, and high hyperdrive speed. Once developed, it eventually turned out to be the backbone of every raiding Emperors fleet."
t_resources.php,battlecruiser.description,"The Battlecruiser is highly specialized in the interception of hostile fleets."
t_resources.php,battlecruiser.description_long,"This ship is one of the most advanced fighting ships ever to be developed, and is particularly deadly when it comes to destroying attacking fleets. With its improved laser cannons on board and advanced Hyperspace engine, the Battlecruiser is a serious force to be dealt with in any attack. Due to the ships design and its large weapons system, the cargo holds had to be cut, but this is compensated for by the lowered fuel consumption."
t_resources.php,bomber.description,"The bomber was developed especially to destroy the planetary defenses of a world."
t_resources.php,bomber.description_long,"Over the centuries, as defenses were starting to get larger and more sophisticated, fleets were starting to be destroyed at an alarming rate. It was decided that a new ship was needed to break defenses to ensure maximum results. After years of research and development, the Bomber was created.

Using laser-guided targeting equipment and Plasma Bombs, the Bomber seeks out and destroys any defense mechanism it can find. As soon as the hyperspace drive is developed to Level 8, the Bomber is retrofitted with the hyperspace engine and can fly at higher speeds."
t_resources.php,destroyer.description,"The destroyer is the king of the warships."
t_resources.php,destroyer.description_long,"The Destroyer is the result of years of work and development. With the development of Deathstars, it was decided that a class of ship was needed to defend against such a massive weapon. Thanks to its improved homing sensors, multi-phalanx Ion cannons, Gauss Cannons and Plasma Turrets, the Destroyer turned out to be one of the most fearsome ships created.

Because the destroyer is very large, its manoeuvrability is severely limited, which makes it more of a battle station than a fighting ship. The lack of manoeuvrability is made up for by its sheer firepower, but it also costs significant amounts of deuterium to build and operate."
t_resources.php,deathstar.description,"The destructive power of the deathstar is unsurpassed."
t_resources.php,deathstar.description_long,"The Deathstar is the most powerful ship ever created. This moon sized ship is the only ship that can be seen with the naked eye on the ground. By the time you spot it, unfortunately, it is too late to do anything.

Armed with a gigantic graviton cannon, the most advanced weapons system ever created in the Universe, this massive ship has not only the capability of destroying entire fleets and defenses, but also has the capability of destroying entire moons. Only the most advanced empires have the capability to build a ship of this mammoth size."
t_resources.php,reaper.description,"The Reaper is a powerful combat ship specialized for aggressive raiding and debris field harvesting."
t_resources.php,reaper.description_long,"The Reaper represents the pinnacle of General class military engineering. This heavily armed vessel was designed for commanders who value both combat prowess and tactical flexibility. While its primary role is combat, the Reaper features reinforced cargo holds that allow it to harvest debris fields after battle. Its advanced targeting systems and heavy armour make it a formidable opponent, while its dual-purpose design means it can both create and profit from battlefield carnage. The ship is equipped with cutting-edge weapons technology and can hold its own against much larger vessels."
t_resources.php,rocket_launcher.description,"The rocket launcher is a simple, cost-effective defensive option."
t_resources.php,rocket_launcher.description_long,"Your first basic line of defense. These are simple ground based launch facilities that fire conventional warhead tipped missiles at attacking enemy targets. As they are cheap to construct and no research is required, they are well suited for defending raids, but lose effectiveness defending from larger scale attacks. Once you begin construction on more advanced defense weapons systems, Rocket Launchers become simple fodder to allow your more damaging weapons to inflict greater damage for a longer period of time.

After a battle, there is up to a 70 % chance that failed defensive facilities can be returned to use."
t_resources.php,light_laser.description,"Concentrated firing at a target with photons can produce significantly greater damage than standard ballistic weapons."
t_resources.php,light_laser.description_long,"As technology developed and more sophisticated ships were created, it was determined that a stronger line of defense was needed to counter the attacks. As Laser Technology advanced, a new weapon was designed to provide the next level of defense. Light Lasers are simple ground based weapons that utilize special targeting systems to track the enemy and fire a high intensity laser designed to cut through the hull of the target. In order to be kept cost effective, they were fitted with an improved shielding system, however the structural integrity is the same as that of the Rocket Launcher.

After a battle, there is up to a 70 % chance that failed defensive facilities can be returned to use."
t_resources.php,heavy_laser.description,"The heavy laser is the logical development of the light laser."
t_resources.php,heavy_laser.description_long,"The Heavy Laser is a practical, improved version of the Light Laser. Being more balanced than the Light Laser with improved alloy composition, it utilizes stronger, more densely packed beams, and even better onboard targeting systems.

After a battle, there is up to a 70 % chance that failed defensive facilities can be returned to use."
t_resources.php,gauss_cannon.description,"The Gauss Cannon fires projectiles weighing tons at high speeds."
t_resources.php,gauss_cannon.description_long,"For a long time projectile weapons were regarded as antiquated in the wake of modern thermonuclear and energy technology and due to the development of the hyperdrive and improved armour. That was until the exact energy technology that had once aged it, helped it to re-achieve their established position.
A gauss cannon is a large version of the particle accelerator. Extremely heavy missiles are accelerated with a huge electromagnetic force and have muzzle velocities that make the dirt surrounding the missile burn in the skies. This weapon is so powerful when fired that it creates a sonic boom. Modern armour and shields can barely withstand the force, often the target is completely penetrated by the power of the missile. Defense structures deactivate as soon as they have been too badly damaged.

After a battle, there is up to a 70 % chance that failed defensive facilities can be returned to use."
t_resources.php,ion_cannon.description,"The Ion Cannon fires a continuous beam of accelerating ions, causing considerable damage to objects it strikes."
t_resources.php,ion_cannon.description_long,"An ion cannon is a weapon that fires beams of ions (positively or negatively charged particles). The Ion Cannon is actually a type of Particle Cannon; only the particles used are ionized. Due to their electrical charges, they also have the potential to disable electronic devices, and anything else that has an electrical or similar power source, using a phenomena known as the the Electromagetic Pulse (EMP effect). Due to the cannons highly improved shielding system, this cannon provides improved protection for your larger, more destructive defense weapons.

After a battle, there is up to a 70 % chance that failed defensive facilities can be returned to use."
t_resources.php,plasma_turret.description,"Plasma Turrets release the energy of a solar flare and surpass even the destroyer in destructive effect."
t_resources.php,plasma_turret.description_long,"One of the most advanced defense weapons systems ever developed, the Plasma Turret uses a large nuclear reactor fuel cell to power an electromagnetic accelerator that fires a pulse, or toroid, of plasma. During operation, the Plasma turret first locks on a target and begins the process of firing. A plasma sphere is created in the turrets core by super heating and compressing gases, stripping them of their ions. Once the gas is superheated, compressed, and a plasma sphere is created, it is then loaded into the electromagnetic accelerator which is energized. Once fully energized, the accelerator is activated, which results in the plasma sphere being launched at an extremely high rate of speed to the intended target. From the targets perspective, the approaching bluish ball of plasma is impressive, but once it strikes, it causes instant destruction.

Defensive facilities deactivate as soon as they are too heavily damaged. After a battle, there is up to a 70 % chance that failed defensive facilities can be returned to use."
t_resources.php,small_shield_dome.description,"The small shield dome covers an entire planet with a field which can absorb a tremendous amount of energy."
t_resources.php,small_shield_dome.description_long,"Colonizing new worlds brought about a new danger, space debris. A large asteroid could easily wipe out the world and all inhabitants. Advancements in shielding technology provided scientists with a way to develop a shield to protect an entire planet not only from space debris but, as it was learned, from an enemy attack. By creating a large electromagnetic field around the planet, space debris that would normally have destroyed the planet was deflected, and attacks from enemy Empires were thwarted. The first generators were large and the shield provided moderate protection, but it was later discovered that small shields did not afford the protection from larger scale attacks. The small shield dome was the prelude to a stronger, more advanced planetary shielding system to come.

After a battle, there is up to a 70 % chance that failed defensive facilities can be returned to use."
t_resources.php,large_shield_dome.description,"The evolution of the small shield dome can employ significantly more energy to withstand attacks."
t_resources.php,large_shield_dome.description_long,"The Large Shield Dome is the next step in the advancement of planetary shields, it is the result of years of work improving the Small Shield Dome. Built to withstand a larger barrage of enemy fire by providing a higher energized electromagnetic field, large domes provide a longer period of protection before collapsing.

After a battle, there is up to a 70 % chance that failed defensive facilities can be returned to use."
t_resources.php,anti_ballistic_missile.description,"Anti-Ballistic Missiles destroy attacking interplanetary missiles."
t_resources.php,anti_ballistic_missile.description_long,"Anti Ballistic Missiles (ABM) are your only line of defense when attacked by Interplanetary Missiles (IPM) on your planet or moon. When a launch of IPMs is detected, these missiles automatically arm, process a launch code in their flight computers, target the inbound IPM, and launch to intercept. During the flight, the target IPM is constantly tracked and course corrections are applied until the ABM reaches the target and destroys the attacking IPM. Each ABM destroys one incoming IPM."
t_resources.php,interplanetary_missile.description,"Interplanetary Missiles destroy enemy defenses."
t_resources.php,interplanetary_missile.description_long,"Interplanetary Missiles (IPM) are your offensive weapon to destroy the defenses of your target. Using state of the art tracking technology, each missile targets a certain number of defenses for destruction. Tipped with an anti-matter bomb, they deliver a destructive force so severe that destroyed shields and defenses cannot be repaired. The only way to counter these missiles is with ABMs."
t_resources.php,kraken.title,KRAKEN
t_resources.php,kraken.description,"Reduces the building time of buildings currently under construction by <b>:duration</b>."
t_resources.php,detroid.title,DETROID
t_resources.php,detroid.description,"Reduces the construction time of current shipyard-contracts by <b>:duration</b>."
t_resources.php,newtron.title,NEWTRON
t_resources.php,newtron.description,"Reduces research time for all research that is currently in progress by <b>:duration</b>."
wreck_field.php,wreck_field,"Wreck Field"
wreck_field.php,wreck_field_formed,"Wreck field has formed at coordinates {coordinates}"
wreck_field.php,wreck_field_expired,"Wreck field has expired"
wreck_field.php,wreck_field_burned,"Wreck field has been burned"
wreck_field.php,formation_conditions,"A wreck field forms when at least {min_resources} resources are lost and at least {min_percentage}% of the defending fleet is destroyed."
wreck_field.php,resources_lost,"Resources lost: {amount}"
wreck_field.php,fleet_percentage,"Fleet destroyed: {percentage}%"
wreck_field.php,repair_time,"Repair time"
wreck_field.php,repair_progress,"Repair progress"
wreck_field.php,repair_completed,"Repair completed"
wreck_field.php,repairs_underway,"Repairs underway"
wreck_field.php,repair_duration_min,"Minimum repair time: {minutes} minutes"
wreck_field.php,repair_duration_max,"Maximum repair time: {hours} hours"
wreck_field.php,repair_speed_bonus,"Space Dock level {level} provides {bonus}% repair speed bonus"
wreck_field.php,ships_in_wreck_field,"Ships in wreck field"
wreck_field.php,ship_type,"Ship type"
wreck_field.php,quantity,Quantity
wreck_field.php,repairable,Repairable
wreck_field.php,total_ships,"Total ships: {count}"
wreck_field.php,start_repairs,"Start repairs"
wreck_field.php,complete_repairs,"Complete repairs"
wreck_field.php,burn_wreck_field,"Burn wreck field"
wreck_field.php,cancel_repairs,"Cancel repairs"
wreck_field.php,repair_started,"Repairs have started. Completion time: {time}"
wreck_field.php,repairs_completed,"All repairs have been completed. Ships are ready for deployment."
wreck_field.php,wreck_field_burned_success,"Wreck field has been successfully burned."
wreck_field.php,cannot_repair,"This wreck field cannot be repaired."
wreck_field.php,cannot_burn,"This wreck field cannot be burned while repairs are in progress."
wreck_field.php,wreck_field_icon,WF
wreck_field.php,wreck_field_tooltip,"Wreck Field ({time_remaining} remaining)"
wreck_field.php,click_to_repair,"Click to go to Space Dock for repairs"
wreck_field.php,no_wreck_field,"No wreck field"
wreck_field.php,space_dock_required,"Space Dock level 1 is required to repair wreck fields."
wreck_field.php,space_dock_level,"Space Dock level: {level}"
wreck_field.php,upgrade_space_dock,"Upgrade Space Dock to repair more ships"
wreck_field.php,repair_capacity_reached,"Maximum repair capacity reached. Upgrade Space Dock to increase capacity."
wreck_field.php,wreck_field_section,"Wreck Field Information"
wreck_field.php,ships_available_for_repair,"Ships available for repair: {count}"
wreck_field.php,wreck_field_resources,"Wreck field contains approximately {value} resources worth of ships."
wreck_field.php,settings_title,"Wreck Field Settings"
wreck_field.php,enabled_description,"Wreck fields allow recovery of destroyed ships through the Space Dock building. Ships can be repaired if the destruction meets certain criteria."
wreck_field.php,percentage_setting,"Destroyed ships in wreck field:"
wreck_field.php,min_resources_setting,"Minimum destruction for wreck fields:"
wreck_field.php,min_fleet_percentage_setting,"Minimum fleet destruction percentage:"
wreck_field.php,lifetime_setting,"Wreck field lifetime (hours):"
wreck_field.php,repair_max_time_setting,"Maximum repair time (hours):"
wreck_field.php,repair_min_time_setting,"Minimum repair time (minutes):"
wreck_field.php,error_no_wreck_field,"No wreck field found at this location."
wreck_field.php,error_not_owner,"You do not own this wreck field."
wreck_field.php,error_already_repairing,"Repairs are already in progress."
wreck_field.php,error_no_ships,"No ships available for repair."
wreck_field.php,error_space_dock_required,"Space Dock level 1 is required to repair wreck fields."
wreck_field.php,error_cannot_collect_late_added,"Ships added during ongoing repairs cannot be collected manually. You must wait until all repairs are automatically completed."
wreck_field.php,warning_auto_return,"Repaired ships will be automatically returned to service {hours} hours after repair completion."
wreck_field.php,time_remaining,"{hours}h {minutes}m remaining"
wreck_field.php,expires_soon,"Expires soon"
wreck_field.php,repair_time_remaining,"Repair completion: {time}"
wreck_field.php,status_active,Active
wreck_field.php,status_repairing,Repairing
wreck_field.php,status_completed,Completed
wreck_field.php,status_burned,Burned
wreck_field.php,status_expired,Expired
wreck_field.php,repairs_started,"Repairs started successfully"
wreck_field.php,all_ships_deployed,"All ships have been put back into service"
wreck_field.php,no_ships_ready,"No ships ready for collection"
wreck_field.php,repairs_not_started,"Repairs have not been started yet"
